ID,quality-score,pixels added through insertion/deletion,total number of changed pixels,pixels total in original,changed pixels as percent of pixels in original,number of pixels in bigger image,changed pixels as percent of pixels in bigger image,insertion-deletion-error,total-number-of-changed-pixels,pixels-total-in-original,changed-pixels-as-percent-of-pixels-in-original,number-of-pixels-in-bigger-image,changed-pixels-as-percent-of-pixels-in-bigger-image,count,shifts total,shiftsToTop,shiftsToTopRight,shiftsToRight,shiftsToBottomRight,shiftsToBottom,shiftsToBottomLeft,shiftsToLeft,shiftsToTopLeft,small shifts total,small shiftsToTop,small shiftsToTopRight,small shiftsToRight,small shiftsToBottomRight,small shiftsToBottom,small shiftsToBottomLeft,small shiftsToLeft,small shiftsToTopLeft,big shifts total,big shiftsToTop,big shiftsToTopRight,big shiftsToRight,big shiftsToBottomRight,big shiftsToBottom,big shiftsToBottomLeft,big shiftsToLeft,big shiftsToTopLeft
0,2,75130,246611,7674188,3.2135127,7674188,3.2135127,0,246611,7674188,3.2135127,7674188,3.2135127,383,0,0,0,0,0,0,0,0,0,0,0,0,0,0,0,0,0,0,0,0,0,0,0,0,0,0,0
4,1,0,0,1325020,0.0,1325020,0.0,0,0,1325020,0.0,1325020,0.0,273,0,0,0,0,0,0,0,0,0,0,0,0,0,0,0,0,0,0,0,0,0,0,0,0,0,0,0
6,2,0,103302,1073676,9.621338,1073676,9.621338,0,103302,1073676,9.621338,1073676,9.621338,153,0,0,0,0,0,0,0,0,0,0,0,0,0,0,0,0,0,0,0,0,0,0,0,0,0,0,0
8,2,155724,1693823,2763418,61.29449,2763418,61.29449,0,1668689,2763418,60.384964000000004,2763418,60.384964000000004,2317,3,3,0,0,0,0,0,0,0,0,0,0,0,0,0,0,0,0,3,3,0,0,0,0,0,0,0
17,1,0,11609,5664802,0.20493214,5664802,0.20493214,0,11609,5664802,0.20493214,5664802,0.20493214,843,0,0,0,0,0,0,0,0,0,0,0,0,0,0,0,0,0,0,0,0,0,0,0,0,0,0,0
59,1,297788,794936,8230150,9.658828,8527938,9.32155,0,497148,8230150,6.0405703,8230150,6.0405703,692,0,0,0,0,0,0,0,0,0,0,0,0,0,0,0,0,0,0,0,0,0,0,0,0,0,0,0
60,1,0,150144,7854500,1.9115666,7854500,1.9115666,0,151836,7854500,1.9331083999999998,7854500,1.9331083999999998,942,0,0,0,0,0,0,0,0,0,0,0,0,0,0,0,0,0,0,0,0,0,0,0,0,0,0,0
62,2,0,178767,2350886,7.6042395,2350886,7.6042395,0,178767,2350886,7.6042395,2350886,7.6042395,326,0,0,0,0,0,0,0,0,0,0,0,0,0,0,0,0,0,0,0,0,0,0,0,0,0,0,0
71,2,0,364265,11628758,3.1324495999999997,11628758,3.1324495999999997,0,316428,11628758,2.7210817000000005,11628758,2.7210817000000005,990,13,13,0,0,0,0,0,0,0,1,1,0,0,0,0,0,0,0,12,12,0,0,0,0,0,0,0
84,1,0,6588,3037984,0.21685433,3037984,0.21685433,0,6588,3037984,0.21685433,3037984,0.21685433,875,0,0,0,0,0,0,0,0,0,0,0,0,0,0,0,0,0,0,0,0,0,0,0,0,0,0,0
86,1,1366,1366,1243060,0.10989011,1244426,0.109769486,0,0,1243060,0.0,1243060,0.0,493,0,0,0,0,0,0,0,0,0,0,0,0,0,0,0,0,0,0,0,0,0,0,0,0,0,0,0
87,1,1366,1366,3442320,0.03968254,3443686,0.039666797999999996,0,0,3442320,0.0,3442320,0.0,477,0,0,0,0,0,0,0,0,0,0,0,0,0,0,0,0,0,0,0,0,0,0,0,0,0,0,0
88,1,1366,1366,1243060,0.10989011,1244426,0.109769486,0,0,1243060,0.0,1243060,0.0,696,0,0,0,0,0,0,0,0,0,0,0,0,0,0,0,0,0,0,0,0,0,0,0,0,0,0,0
91,1,0,175763,20658018,0.8508222,20658018,0.8508222,0,175763,20658018,0.8508222,20658018,0.8508222,558,1,0,0,0,0,0,0,1,0,0,0,0,0,0,0,0,0,0,1,0,0,0,0,0,0,1,0
92,1,0,16836,3995550,0.42136878,3995550,0.42136878,0,16836,3995550,0.42136878,3995550,0.42136878,715,0,0,0,0,0,0,0,0,0,0,0,0,0,0,0,0,0,0,0,0,0,0,0,0,0,0,0
94,1,0,301,997180,0.030185122,997180,0.030185122,0,301,997180,0.030185122,997180,0.030185122,735,0,0,0,0,0,0,0,0,0,0,0,0,0,0,0,0,0,0,0,0,0,0,0,0,0,0,0
99,1,0,22263,2357716,0.9442613000000001,2357716,0.9442613000000001,0,22263,2357716,0.9442613000000001,2357716,0.9442613000000001,509,0,0,0,0,0,0,0,0,0,0,0,0,0,0,0,0,0,0,0,0,0,0,0,0,0,0,0
106,1,0,2651,1292236,0.20514828,1292236,0.20514828,0,2651,1292236,0.20514828,1292236,0.20514828,460,0,0,0,0,0,0,0,0,0,0,0,0,0,0,0,0,0,0,0,0,0,0,0,0,0,0,0
109,1,0,2653,1292236,0.20530306,1292236,0.20530306,0,2653,1292236,0.20530306,1292236,0.20530306,460,0,0,0,0,0,0,0,0,0,0,0,0,0,0,0,0,0,0,0,0,0,0,0,0,0,0,0
117,1,331938,644219,5690756,11.320447,5690756,11.320447,0,490239,5690756,8.6146555,5690756,8.6146555,564,17,0,0,0,0,17,0,0,0,0,0,0,0,0,0,0,0,0,17,0,0,0,0,17,0,0,0
120,2,0,225399,9764168,2.3084302000000005,9764168,2.3084302000000005,0,225399,9764168,2.3084302000000005,9764168,2.3084302000000005,2000,0,0,0,0,0,0,0,0,0,0,0,0,0,0,0,0,0,0,0,0,0,0,0,0,0,0,0
121,2,0,429947,5235878,8.211555,5235878,8.211555,0,429941,5235878,8.21144,5235878,8.21144,351,1,1,0,0,0,0,0,0,0,0,0,0,0,0,0,0,0,0,1,1,0,0,0,0,0,0,0
124,1,0,13070,1109192,1.1783351999999998,1109192,1.1783351999999998,0,13070,1109192,1.1783351999999998,1109192,1.1783351999999998,644,0,0,0,0,0,0,0,0,0,0,0,0,0,0,0,0,0,0,0,0,0,0,0,0,0,0,0
125,1,0,13089,1109192,1.1800482,1109192,1.1800482,0,13089,1109192,1.1800482,1109192,1.1800482,648,0,0,0,0,0,0,0,0,0,0,0,0,0,0,0,0,0,0,0,0,0,0,0,0,0,0,0
126,2,1124218,2575701,14867544,17.32432,14867544,17.32432,0,1760208,14867544,11.839266,14867544,11.839266,3279,200,194,0,0,0,6,0,0,0,0,0,0,0,0,0,0,0,0,200,194,0,0,0,6,0,0,0
128,1,0,12387,1109192,1.1167588,1109192,1.1167588,0,12387,1109192,1.1167588,1109192,1.1167588,643,0,0,0,0,0,0,0,0,0,0,0,0,0,0,0,0,0,0,0,0,0,0,0,0,0,0,0
129,2,0,317132,5692122,5.5714197,5692122,5.5714197,0,317132,5692122,5.5714197,5692122,5.5714197,553,0,0,0,0,0,0,0,0,0,0,0,0,0,0,0,0,0,0,0,0,0,0,0,0,0,0,0
130,2,0,553051,2917776,18.954539999999998,2917776,18.954539999999998,0,451048,2917776,15.458623000000001,2917776,15.458623000000001,697,48,47,0,0,0,0,0,0,1,48,47,0,0,0,0,0,0,1,0,0,0,0,0,0,0,0,0
139,1,0,0,3405438,0.0,3405438,0.0,0,0,3405438,0.0,3405438,0.0,579,0,0,0,0,0,0,0,0,0,0,0,0,0,0,0,0,0,0,0,0,0,0,0,0,0,0,0
143,1,0,180845,9993656,1.809598,9993656,1.809598,0,180845,9993656,1.809598,9993656,1.809598,2018,0,0,0,0,0,0,0,0,0,0,0,0,0,0,0,0,0,0,0,0,0,0,0,0,0,0,0
148,1,5464,681067,12161498,5.6001900000000004,12166962,5.5976753,0,277319,12161498,2.280303,12161498,2.280303,1430,139,0,0,0,0,139,0,0,0,134,0,0,0,0,134,0,0,0,5,0,0,0,0,5,0,0,0
154,1,0,0,7790298,0.0,7790298,0.0,0,0,7790298,0.0,7790298,0.0,734,0,0,0,0,0,0,0,0,0,0,0,0,0,0,0,0,0,0,0,0,0,0,0,0,0,0,0
155,1,0,7917,905658,0.8741709999999999,905658,0.8741709999999999,0,7917,905658,0.8741709999999999,905658,0.8741709999999999,406,0,0,0,0,0,0,0,0,0,0,0,0,0,0,0,0,0,0,0,0,0,0,0,0,0,0,0
156,1,0,0,905658,0.0,905658,0.0,0,0,905658,0.0,905658,0.0,7,0,0,0,0,0,0,0,0,0,0,0,0,0,0,0,0,0,0,0,0,0,0,0,0,0,0,0
157,1,0,0,905658,0.0,905658,0.0,0,0,905658,0.0,905658,0.0,7,0,0,0,0,0,0,0,0,0,0,0,0,0,0,0,0,0,0,0,0,0,0,0,0,0,0,0
158,1,0,0,905658,0.0,905658,0.0,0,0,905658,0.0,905658,0.0,7,0,0,0,0,0,0,0,0,0,0,0,0,0,0,0,0,0,0,0,0,0,0,0,0,0,0,0
159,1,0,0,905658,0.0,905658,0.0,0,0,905658,0.0,905658,0.0,7,0,0,0,0,0,0,0,0,0,0,0,0,0,0,0,0,0,0,0,0,0,0,0,0,0,0,0
160,1,0,0,905658,0.0,905658,0.0,0,0,905658,0.0,905658,0.0,7,0,0,0,0,0,0,0,0,0,0,0,0,0,0,0,0,0,0,0,0,0,0,0,0,0,0,0
161,1,0,0,905658,0.0,905658,0.0,0,0,905658,0.0,905658,0.0,7,0,0,0,0,0,0,0,0,0,0,0,0,0,0,0,0,0,0,0,0,0,0,0,0,0,0,0
162,1,0,0,905658,0.0,905658,0.0,0,0,905658,0.0,905658,0.0,7,0,0,0,0,0,0,0,0,0,0,0,0,0,0,0,0,0,0,0,0,0,0,0,0,0,0,0
166,2,1117388,2831643,4961312,57.07448,4961312,57.07448,0,2715227,4961312,54.728,4961312,54.728,2239,9,9,0,0,0,0,0,0,0,0,0,0,0,0,0,0,0,0,9,9,0,0,0,0,0,0,0
193,1,0,345,1139244,0.03028324,1139244,0.03028324,0,345,1139244,0.03028324,1139244,0.03028324,80,0,0,0,0,0,0,0,0,0,0,0,0,0,0,0,0,0,0,0,0,0,0,0,0,0,0,0
221,1,0,0,2477924,0.0,2477924,0.0,0,0,2477924,0.0,2477924,0.0,305,0,0,0,0,0,0,0,0,0,0,0,0,0,0,0,0,0,0,0,0,0,0,0,0,0,0,0
222,2,0,168918,22380544,0.75475377,22380544,0.75475377,0,168918,22380544,0.75475377,22380544,0.75475377,1537,0,0,0,0,0,0,0,0,0,0,0,0,0,0,0,0,0,0,0,0,0,0,0,0,0,0,0
225,2,685732,1179893,2701948,43.668232,2701948,43.668232,0,1179893,2701948,43.668232,2701948,43.668232,610,1,0,0,0,0,0,1,0,0,0,0,0,0,0,0,0,0,0,1,0,0,0,0,0,1,0,0
227,2,0,128807,1718428,7.49563,1718428,7.49563,0,128807,1718428,7.49563,1718428,7.49563,156,0,0,0,0,0,0,0,0,0,0,0,0,0,0,0,0,0,0,0,0,0,0,0,0,0,0,0
232,2,202168,763862,2363180,32.323479999999996,2363180,32.323479999999996,0,758349,2363180,32.09019,2363180,32.09019,154,5,0,0,0,0,0,0,5,0,0,0,0,0,0,0,0,0,0,5,0,0,0,0,0,0,5,0
236,1,0,1327,9531948,0.013921603999999999,9531948,0.013921603999999999,0,10723,9531948,0.11249537,9531948,0.11249537,796,1,0,0,0,0,0,0,1,0,0,0,0,0,0,0,0,0,0,1,0,0,0,0,0,0,1,0
237,1,0,188566,12315856,1.5310832,12315856,1.5310832,0,188279,12315856,1.5287528000000001,12315856,1.5287528000000001,1608,1,0,0,0,0,0,0,1,0,1,0,0,0,0,0,0,1,0,0,0,0,0,0,0,0,0,0
238,1,0,0,2395964,0.0,2395964,0.0,0,0,2395964,0.0,2395964,0.0,719,0,0,0,0,0,0,0,0,0,0,0,0,0,0,0,0,0,0,0,0,0,0,0,0,0,0,0
239,2,0,586154,4342514,13.498034,4342514,13.498034,0,581806,4342514,13.397907,4342514,13.397907,593,2,2,0,0,0,0,0,0,0,2,2,0,0,0,0,0,0,0,0,0,0,0,0,0,0,0,0
240,2,99718,1066368,2965586,35.958088000000004,2965586,35.958088000000004,0,644254,2965586,21.724339999999998,2965586,21.724339999999998,586,79,79,0,0,0,0,0,0,0,0,0,0,0,0,0,0,0,0,79,79,0,0,0,0,0,0,0
241,1,0,122149,4693576,2.602472,4693576,2.602472,0,125888,4693576,2.6821342,4693576,2.6821342,907,0,0,0,0,0,0,0,0,0,0,0,0,0,0,0,0,0,0,0,0,0,0,0,0,0,0,0
243,1,0,10606,1300432,0.8155751,1300432,0.8155751,0,10606,1300432,0.8155751,1300432,0.8155751,249,0,0,0,0,0,0,0,0,0,0,0,0,0,0,0,0,0,0,0,0,0,0,0,0,0,0,0
247,2,1311360,2051174,12023532,17.059664,12023532,17.059664,0,2052854,12023532,17.073635,12023532,17.073635,358,0,0,0,0,0,0,0,0,0,0,0,0,0,0,0,0,0,0,0,0,0,0,0,0,0,0,0
251,1,0,107480,4084340,2.6315145,4084340,2.6315145,0,106571,4084340,2.609259,4084340,2.609259,1020,1,0,0,0,0,0,0,1,0,1,0,0,0,0,0,0,1,0,0,0,0,0,0,0,0,0,0
254,2,25954,201863,7130520,2.8309717,7130520,2.8309717,0,201863,7130520,2.8309717,7130520,2.8309717,577,0,0,0,0,0,0,0,0,0,0,0,0,0,0,0,0,0,0,0,0,0,0,0,0,0,0,0
255,1,0,71243,3703226,1.9238092,3703226,1.9238092,0,71243,3703226,1.9238092,3703226,1.9238092,530,0,0,0,0,0,0,0,0,0,0,0,0,0,0,0,0,0,0,0,0,0,0,0,0,0,0,0
257,1,0,22247,14826564,0.15004826,14826564,0.15004826,0,22247,14826564,0.15004826,14826564,0.15004826,2146,0,0,0,0,0,0,0,0,0,0,0,0,0,0,0,0,0,0,0,0,0,0,0,0,0,0,0
266,1,0,2653,1292236,0.20530306,1292236,0.20530306,0,2653,1292236,0.20530306,1292236,0.20530306,460,0,0,0,0,0,0,0,0,0,0,0,0,0,0,0,0,0,0,0,0,0,0,0,0,0,0,0
267,1,0,188036,6218032,3.0240436,6218032,3.0240436,0,188036,6218032,3.0240436,6218032,3.0240436,3204,0,0,0,0,0,0,0,0,0,0,0,0,0,0,0,0,0,0,0,0,0,0,0,0,0,0,0
269,2,0,73458,2635014,2.7877650000000003,2635014,2.7877650000000003,0,72879,2635014,2.7657917000000003,2635014,2.7657917000000003,5096,1,0,0,0,0,0,0,1,0,1,0,0,0,0,0,0,1,0,0,0,0,0,0,0,0,0,0
270,1,0,5568,1256720,0.44305813,1256720,0.44305813,0,5568,1256720,0.44305813,1256720,0.44305813,217,0,0,0,0,0,0,0,0,0,0,0,0,0,0,0,0,0,0,0,0,0,0,0,0,0,0,0
271,1,0,57058,3764696,1.5156071000000002,3764696,1.5156071000000002,0,57058,3764696,1.5156071000000002,3764696,1.5156071000000002,835,0,0,0,0,0,0,0,0,0,0,0,0,0,0,0,0,0,0,0,0,0,0,0,0,0,0,0
272,1,0,1932,1128316,0.17122863,1128316,0.17122863,0,1932,1128316,0.17122863,1128316,0.17122863,316,0,0,0,0,0,0,0,0,0,0,0,0,0,0,0,0,0,0,0,0,0,0,0,0,0,0,0
273,2,0,387996,3771526,10.287507000000002,3771526,10.287507000000002,0,387996,3771526,10.287507000000002,3771526,10.287507000000002,305,0,0,0,0,0,0,0,0,0,0,0,0,0,0,0,0,0,0,0,0,0,0,0,0,0,0,0
275,2,0,2495595,22380544,11.150735000000001,22380544,11.150735000000001,0,2086664,22380544,9.323563,22380544,9.323563,4289,132,43,0,0,0,79,2,1,7,33,33,0,0,0,0,0,0,0,99,10,0,0,0,79,2,1,7
287,3,0,427990,2210188,19.364416000000002,2210188,19.364416000000002,0,427990,2210188,19.364416000000002,2210188,19.364416000000002,3865,0,0,0,0,0,0,0,0,0,0,0,0,0,0,0,0,0,0,0,0,0,0,0,0,0,0,0
289,1,0,65949,1409712,4.6781898,1409712,4.6781898,0,65949,1409712,4.6781898,1409712,4.6781898,390,0,0,0,0,0,0,0,0,0,0,0,0,0,0,0,0,0,0,0,0,0,0,0,0,0,0,0
291,1,0,8364,1920596,0.43548980000000004,1920596,0.43548980000000004,0,8364,1920596,0.43548980000000004,1920596,0.43548980000000004,383,0,0,0,0,0,0,0,0,0,0,0,0,0,0,0,0,0,0,0,0,0,0,0,0,0,0,0
341,1,0,17455,905658,1.927328,905658,1.927328,0,17455,905658,1.927328,905658,1.927328,57,0,0,0,0,0,0,0,0,0,0,0,0,0,0,0,0,0,0,0,0,0,0,0,0,0,0,0
360,1,0,1570,1211642,0.12957622,1211642,0.12957622,0,1570,1211642,0.12957622,1211642,0.12957622,385,0,0,0,0,0,0,0,0,0,0,0,0,0,0,0,0,0,0,0,0,0,0,0,0,0,0,0
368,1,0,214354,14371686,1.4915022,14371686,1.4915022,0,214354,14371686,1.4915022,14371686,1.4915022,1531,0,0,0,0,0,0,0,0,0,0,0,0,0,0,0,0,0,0,0,0,0,0,0,0,0,0,0
378,3,1259452,2580648,4052922,63.673763,4052922,63.673763,0,2571031,4052922,63.43648,4052922,63.43648,1853,0,0,0,0,0,0,0,0,0,0,0,0,0,0,0,0,0,0,0,0,0,0,0,0,0,0,0
398,1,0,0,905658,0.0,905658,0.0,0,0,905658,0.0,905658,0.0,127,0,0,0,0,0,0,0,0,0,0,0,0,0,0,0,0,0,0,0,0,0,0,0,0,0,0,0
400,2,12294,2019329,16643344,12.132952000000001,16643344,12.132952000000001,0,1514506,16643344,9.09977,16643344,9.09977,1666,134,134,0,0,0,0,0,0,0,7,7,0,0,0,0,0,0,0,127,127,0,0,0,0,0,0,0
402,1,0,650690,11597340,5.610683,11597340,5.610683,0,637009,11597340,5.4927163,11597340,5.4927163,1411,11,3,0,0,0,8,0,0,0,0,0,0,0,0,0,0,0,0,11,3,0,0,0,8,0,0,0
403,2,0,17617096,22380544,78.71611999999999,22380544,78.71611999999999,0,17212585,22380544,76.90869,22380544,76.90869,3279,127,93,2,0,1,2,8,1,20,8,1,0,0,0,0,2,0,5,97,92,1,0,0,2,1,1,0
404,1,0,960469,22380544,4.291535400000001,22380544,4.291535400000001,0,931536,22380544,4.1622580000000005,22380544,4.1622580000000005,2074,30,1,0,0,0,26,1,1,1,14,1,0,0,0,13,0,0,0,15,0,0,0,0,13,1,1,0
422,1,2732,16951,6782190,0.24993402,6784922,0.24983338,0,10380,6782190,0.15304790000000001,6782190,0.15304790000000001,497,5,0,0,0,0,0,0,5,0,5,0,0,0,0,0,0,5,0,0,0,0,0,0,0,0,0,0
429,2,0,55974,9639862,0.58065146,9639862,0.58065146,0,55974,9639862,0.58065146,9639862,0.58065146,957,0,0,0,0,0,0,0,0,0,0,0,0,0,0,0,0,0,0,0,0,0,0,0,0,0,0,0
430,1,0,16868,1510796,1.1164975000000001,1510796,1.1164975000000001,0,16868,1510796,1.1164975000000001,1510796,1.1164975000000001,616,0,0,0,0,0,0,0,0,0,0,0,0,0,0,0,0,0,0,0,0,0,0,0,0,0,0,0
439,2,0,5529034,22380544,24.704647,22380544,24.704647,0,5422743,22380544,24.22972,22380544,24.22972,8265,69,3,4,60,2,0,0,0,0,60,0,0,60,0,0,0,0,0,3,3,0,0,0,0,0,0,0
453,1,0,36806,17830398,0.20642276,17830398,0.20642276,0,36806,17830398,0.20642276,17830398,0.20642276,1620,0,0,0,0,0,0,0,0,0,0,0,0,0,0,0,0,0,0,0,0,0,0,0,0,0,0,0
457,1,0,8094,20899800,0.038727645,20899800,0.038727645,0,8094,20899800,0.038727645,20899800,0.038727645,1368,0,0,0,0,0,0,0,0,0,0,0,0,0,0,0,0,0,0,0,0,0,0,0,0,0,0,0
474,1,315546,318066,3427294,9.280383,3742840,8.497986000000001,0,2520,3427294,0.073527396,3427294,0.073527396,511,0,0,0,0,0,0,0,0,0,0,0,0,0,0,0,0,0,0,0,0,0,0,0,0,0,0,0
499,1,0,724,1374196,0.05268535,1374196,0.05268535,0,724,1374196,0.05268535,1374196,0.05268535,211,0,0,0,0,0,0,0,0,0,0,0,0,0,0,0,0,0,0,0,0,0,0,0,0,0,0,0
500,1,0,4053,1718428,0.23585509999999998,1718428,0.23585509999999998,0,4053,1718428,0.23585509999999998,1718428,0.23585509999999998,500,0,0,0,0,0,0,0,0,0,0,0,0,0,0,0,0,0,0,0,0,0,0,0,0,0,0,0
502,1,122940,138002,7387328,1.8680908999999999,7510268,1.8375110000000001,0,15062,7387328,0.20388968,7387328,0.20388968,1244,0,0,0,0,0,0,0,0,0,0,0,0,0,0,0,0,0,0,0,0,0,0,0,0,0,0,0
508,1,0,371,2883626,0.012865746,2883626,0.012865746,0,371,2883626,0.012865746,2883626,0.012865746,1629,0,0,0,0,0,0,0,0,0,0,0,0,0,0,0,0,0,0,0,0,0,0,0,0,0,0,0
509,2,0,989721,19237378,5.144781,19237378,5.144781,0,431532,19237378,2.2431955,19237378,2.2431955,5860,145,144,0,0,0,0,0,1,0,144,144,0,0,0,0,0,0,0,1,0,0,0,0,0,0,1,0
510,2,0,705004,18991498,3.7122085,18991498,3.7122085,0,145869,18991498,0.7680753,18991498,0.7680753,5719,139,138,0,0,0,1,0,0,0,139,138,0,0,0,1,0,0,0,0,0,0,0,0,0,0,0,0
518,1,0,0,1193884,0.0,1193884,0.0,0,0,1193884,0.0,1193884,0.0,1730,0,0,0,0,0,0,0,0,0,0,0,0,0,0,0,0,0,0,0,0,0,0,0,0,0,0,0
549,1,0,72970,3439588,2.121475,3439588,2.121475,0,73930,3439588,2.1493855,3439588,2.1493855,604,0,0,0,0,0,0,0,0,0,0,0,0,0,0,0,0,0,0,0,0,0,0,0,0,0,0,0
553,2,113378,582422,2786640,20.90051,2786640,20.90051,0,394772,2786640,14.1665945,2786640,14.1665945,966,22,19,0,0,0,2,0,1,0,0,0,0,0,0,0,0,0,0,22,19,0,0,0,2,0,1,0
591,2,0,255175,3511986,7.2658320000000005,3511986,7.2658320000000005,0,255175,3511986,7.2658320000000005,3511986,7.2658320000000005,681,0,0,0,0,0,0,0,0,0,0,0,0,0,0,0,0,0,0,0,0,0,0,0,0,0,0,0
613,1,0,6809,1430202,0.47608659999999997,1430202,0.47608659999999997,0,6809,1430202,0.47608659999999997,1430202,0.47608659999999997,1139,0,0,0,0,0,0,0,0,0,0,0,0,0,0,0,0,0,0,0,0,0,0,0,0,0,0,0
614,1,0,7146,6355998,0.11242924,6355998,0.11242924,0,6173,6355998,0.09712086,6355998,0.09712086,2232,3,0,0,0,0,0,0,3,0,3,0,0,0,0,0,0,3,0,0,0,0,0,0,0,0,0,0
627,1,0,233274,905658,25.757404,905658,25.757404,0,146975,905658,16.228533,905658,16.228533,12,1,0,0,1,0,0,0,0,0,0,0,0,0,0,0,0,0,0,1,0,0,1,0,0,0,0,0
687,2,361990,1807980,3782454,47.799126,3782454,47.799126,0,1807980,3782454,47.799126,3782454,47.799126,533,1,0,1,0,0,0,0,0,0,0,0,0,0,0,0,0,0,0,0,0,0,0,0,0,0,0,0
689,1,478100,765020,3309818,23.113657,3309818,23.113657,0,765668,3309818,23.133236,3309818,23.133236,376,2,0,0,0,0,0,0,1,1,0,0,0,0,0,0,0,0,0,2,0,0,0,0,0,0,1,1
690,2,251344,762185,2986076,25.524632999999998,2986076,25.524632999999998,0,760508,2986076,25.468473,2986076,25.468473,761,1,0,0,0,0,0,0,1,0,0,0,0,0,0,0,0,0,0,1,0,0,0,0,0,0,1,0
719,1,124306,130850,1029964,12.704328,1029964,12.704328,0,130850,1029964,12.704328,1029964,12.704328,77,0,0,0,0,0,0,0,0,0,0,0,0,0,0,0,0,0,0,0,0,0,0,0,0,0,0,0
730,1,0,445489,9045652,4.924896700000001,9045652,4.924896700000001,0,445489,9045652,4.924896700000001,9045652,4.924896700000001,741,0,0,0,0,0,0,0,0,0,0,0,0,0,0,0,0,0,0,0,0,0,0,0,0,0,0,0
731,1,0,0,905658,0.0,905658,0.0,0,0,905658,0.0,905658,0.0,69,0,0,0,0,0,0,0,0,0,0,0,0,0,0,0,0,0,0,0,0,0,0,0,0,0,0,0
743,1,0,0,1103728,0.0,1103728,0.0,0,8379,1103728,0.75915444,1103728,0.75915444,676,0,0,0,0,0,0,0,0,0,0,0,0,0,0,0,0,0,0,0,0,0,0,0,0,0,0,0
745,1,0,0,905658,0.0,905658,0.0,0,0,905658,0.0,905658,0.0,50,0,0,0,0,0,0,0,0,0,0,0,0,0,0,0,0,0,0,0,0,0,0,0,0,0,0,0
747,1,0,0,905658,0.0,905658,0.0,0,0,905658,0.0,905658,0.0,78,0,0,0,0,0,0,0,0,0,0,0,0,0,0,0,0,0,0,0,0,0,0,0,0,0,0,0
763,1,0,223372,3207368,6.9643397,3207368,6.9643397,0,223372,3207368,6.9643397,3207368,6.9643397,2222,0,0,0,0,0,0,0,0,0,0,0,0,0,0,0,0,0,0,0,0,0,0,0,0,0,0,0
765,5,0,701079,4149908,16.893845000000002,4149908,16.893845000000002,0,701079,4149908,16.893845000000002,4149908,16.893845000000002,2907,0,0,0,0,0,0,0,0,0,0,0,0,0,0,0,0,0,0,0,0,0,0,0,0,0,0,0
766,2,0,223379,3207368,6.9645576,3207368,6.9645576,0,223379,3207368,6.9645576,3207368,6.9645576,2207,0,0,0,0,0,0,0,0,0,0,0,0,0,0,0,0,0,0,0,0,0,0,0,0,0,0,0
768,1,0,107089,3207368,3.3388436,3207368,3.3388436,0,107089,3207368,3.3388436,3207368,3.3388436,2231,0,0,0,0,0,0,0,0,0,0,0,0,0,0,0,0,0,0,0,0,0,0,0,0,0,0,0
769,2,0,377147,4149908,9.088080999999999,4149908,9.088080999999999,0,377147,4149908,9.088080999999999,4149908,9.088080999999999,3063,0,0,0,0,0,0,0,0,0,0,0,0,0,0,0,0,0,0,0,0,0,0,0,0,0,0,0
785,1,0,171687,4584296,3.7451114999999997,4584296,3.7451114999999997,0,171687,4584296,3.7451114999999997,4584296,3.7451114999999997,1127,0,0,0,0,0,0,0,0,0,0,0,0,0,0,0,0,0,0,0,0,0,0,0,0,0,0,0
829,1,0,188944,3785186,4.99167,3785186,4.99167,0,188944,3785186,4.99167,3785186,4.99167,499,0,0,0,0,0,0,0,0,0,0,0,0,0,0,0,0,0,0,0,0,0,0,0,0,0,0,0
830,2,0,375235,4037896,9.292834,4037896,9.292834,0,375235,4037896,9.292834,4037896,9.292834,145,4,0,0,0,0,0,0,3,1,0,0,0,0,0,0,0,0,0,4,0,0,0,0,0,0,3,1
832,1,0,0,1615978,0.0,1615978,0.0,0,0,1615978,0.0,1615978,0.0,252,0,0,0,0,0,0,0,0,0,0,0,0,0,0,0,0,0,0,0,0,0,0,0,0,0,0,0
833,1,0,0,1912400,0.0,1912400,0.0,0,0,1912400,0.0,1912400,0.0,249,0,0,0,0,0,0,0,0,0,0,0,0,0,0,0,0,0,0,0,0,0,0,0,0,0,0,0
834,1,0,0,1768970,0.0,1768970,0.0,0,0,1768970,0.0,1768970,0.0,264,0,0,0,0,0,0,0,0,0,0,0,0,0,0,0,0,0,0,0,0,0,0,0,0,0,0,0
835,1,0,0,1327752,0.0,1327752,0.0,0,0,1327752,0.0,1327752,0.0,185,0,0,0,0,0,0,0,0,0,0,0,0,0,0,0,0,0,0,0,0,0,0,0,0,0,0,0
836,1,0,0,1718428,0.0,1718428,0.0,0,0,1718428,0.0,1718428,0.0,267,0,0,0,0,0,0,0,0,0,0,0,0,0,0,0,0,0,0,0,0,0,0,0,0,0,0,0
858,1,0,24566,1243060,1.9762522,1243060,1.9762522,0,24566,1243060,1.9762522,1243060,1.9762522,131,0,0,0,0,0,0,0,0,0,0,0,0,0,0,0,0,0,0,0,0,0,0,0,0,0,0,0
911,2,2486120,3420883,6887372,49.668915000000005,6887372,49.668915000000005,0,3420883,6887372,49.668915000000005,6887372,49.668915000000005,1044,2,0,0,0,0,0,0,2,0,0,0,0,0,0,0,0,0,0,2,0,0,0,0,0,0,2,0
913,1,0,0,1034062,0.0,1034062,0.0,0,0,1034062,0.0,1034062,0.0,119,0,0,0,0,0,0,0,0,0,0,0,0,0,0,0,0,0,0,0,0,0,0,0,0,0,0,0
914,2,94254,338244,1192518,28.363847999999997,1192518,28.363847999999997,0,337899,1192518,28.334919,1192518,28.334919,274,1,1,0,0,0,0,0,0,0,1,1,0,0,0,0,0,0,0,0,0,0,0,0,0,0,0,0
930,2,2095444,3112187,20313786,15.320565,20313786,15.320565,0,3112187,20313786,15.320565,20313786,15.320565,436,0,0,0,0,0,0,0,0,0,0,0,0,0,0,0,0,0,0,0,0,0,0,0,0,0,0,0
943,1,0,952,1394686,0.06825909,1394686,0.06825909,0,952,1394686,0.06825909,1394686,0.06825909,415,0,0,0,0,0,0,0,0,0,0,0,0,0,0,0,0,0,0,0,0,0,0,0,0,0,0,0
963,1,0,2959,2650040,0.11165869,2650040,0.11165869,0,2656,2650040,0.100224905,2650040,0.100224905,561,2,0,0,0,0,0,0,2,0,2,0,0,0,0,0,0,2,0,0,0,0,0,0,0,0,0,0
969,1,0,0,1596854,0.0,1596854,0.0,0,0,1596854,0.0,1596854,0.0,561,0,0,0,0,0,0,0,0,0,0,0,0,0,0,0,0,0,0,0,0,0,0,0,0,0,0,0
981,1,0,0,1236230,0.0,1236230,0.0,0,0,1236230,0.0,1236230,0.0,284,0,0,0,0,0,0,0,0,0,0,0,0,0,0,0,0,0,0,0,0,0,0,0,0,0,0,0
1012,2,21856,164821,2766150,5.9584985,2766150,5.9584985,0,162145,2766150,5.8617573,2766150,5.8617573,632,5,5,0,0,0,0,0,0,0,0,0,0,0,0,0,0,0,0,5,5,0,0,0,0,0,0,0
1022,2,2141888,3248654,3047546,106.599014,5189434,62.601319999999994,0,1106766,3047546,36.316629999999996,3047546,36.316629999999996,805,1,0,0,0,0,0,0,1,0,0,0,0,0,0,0,0,0,0,1,0,0,0,0,0,0,1,0
1046,2,0,693793,10866530,6.384678,10866530,6.384678,0,693793,10866530,6.384678,10866530,6.384678,2274,3,1,0,0,0,1,0,0,1,0,0,0,0,0,0,0,0,0,3,1,0,0,0,1,0,0,1
1051,1,0,0,2154182,0.0,2154182,0.0,0,0,2154182,0.0,2154182,0.0,570,0,0,0,0,0,0,0,0,0,0,0,0,0,0,0,0,0,0,0,0,0,0,0,0,0,0,0
1082,2,528642,851816,3406804,25.003376,3406804,25.003376,0,851816,3406804,25.003376,3406804,25.003376,529,0,0,0,0,0,0,0,0,0,0,0,0,0,0,0,0,0,0,0,0,0,0,0,0,0,0,0
1097,2,4774170,8086925,4274214,189.20262,9048384,89.374245,0,3320145,4274214,77.67849,4274214,77.67849,1229,1,0,0,0,0,0,0,1,0,0,0,0,0,0,0,0,0,0,1,0,0,0,0,0,0,1,0
1098,2,570988,1634389,7791664,20.976122,7791664,20.976122,0,1633980,7791664,20.970873,7791664,20.970873,433,0,0,0,0,0,0,0,0,0,0,0,0,0,0,0,0,0,0,0,0,0,0,0,0,0,0,0
1123,2,10928,1060454,4169032,25.436457,4169032,25.436457,0,607397,4169032,14.569258,4169032,14.569258,1267,114,113,0,0,0,0,0,1,0,60,60,0,0,0,0,0,0,0,54,53,0,0,0,0,0,1,0
1154,2,314180,822348,4121222,19.953985,4435402,18.540551999999998,0,420494,4121222,10.203138000000001,4121222,10.203138000000001,540,30,0,0,0,0,30,0,0,0,30,0,0,0,0,30,0,0,0,0,0,0,0,0,0,0,0,0
1156,2,1366,281394,7997930,3.5183352999999995,7997930,3.5183352999999995,0,281394,7997930,3.5183352999999995,7997930,3.5183352999999995,1514,2,2,0,0,0,0,0,0,0,1,1,0,0,0,0,0,0,0,1,1,0,0,0,0,0,0,0
1158,5,0,27694,905658,3.057887,905658,3.057887,0,27694,905658,3.057887,905658,3.057887,9,0,0,0,0,0,0,0,0,0,0,0,0,0,0,0,0,0,0,0,0,0,0,0,0,0,0,0
1161,1,0,53373,22260336,0.23976727,22260336,0.23976727,0,51955,22260336,0.23339720000000003,22260336,0.23339720000000003,2885,0,0,0,0,0,0,0,0,0,0,0,0,0,0,0,0,0,0,0,0,0,0,0,0,0,0,0
1169,1,0,1860,1956112,0.09508658,1956112,0.09508658,0,1860,1956112,0.09508658,1956112,0.09508658,848,0,0,0,0,0,0,0,0,0,0,0,0,0,0,0,0,0,0,0,0,0,0,0,0,0,0,0
1171,2,256808,1593282,5488588,29.028996000000003,5488588,29.028996000000003,0,1597118,5488588,29.098888,5488588,29.098888,812,0,0,0,0,0,0,0,0,0,0,0,0,0,0,0,0,0,0,0,0,0,0,0,0,0,0,0
1224,1,12294,38688,1450692,2.666865,1462986,2.6444544999999997,0,14251,1450692,0.98235875,1450692,0.98235875,367,3,0,0,3,0,0,0,0,0,3,0,0,3,0,0,0,0,0,0,0,0,0,0,0,0,0,0
1260,2,304618,1175666,8469200,13.881665,8469200,13.881665,0,989239,8469200,11.68043,8469200,11.68043,1253,25,24,0,0,0,0,0,0,1,0,0,0,0,0,0,0,0,0,25,24,0,0,0,0,0,0,1
1263,1,40980,11222219,19841150,56.56033000000001,19841150,56.56033000000001,0,5360731,19841150,27.018248,19841150,27.018248,2350,153,150,0,1,0,1,0,0,1,1,0,0,1,0,0,0,0,0,152,150,0,0,0,1,0,0,1
1264,1,0,0,905658,0.0,905658,0.0,0,0,905658,0.0,905658,0.0,29,0,0,0,0,0,0,0,0,0,0,0,0,0,0,0,0,0,0,0,0,0,0,0,0,0,0,0
1273,2,497224,4080017,6991188,58.359425,6991188,58.359425,0,3296018,6991188,47.14532,6991188,47.14532,1447,36,35,0,0,0,1,0,0,0,0,0,0,0,0,0,0,0,0,36,35,0,0,0,1,0,0,0
1276,1,0,16832,3917688,0.42964116,3917688,0.42964116,0,16832,3917688,0.42964116,3917688,0.42964116,404,0,0,0,0,0,0,0,0,0,0,0,0,0,0,0,0,0,0,0,0,0,0,0,0,0,0,0
1277,1,0,0,1189786,0.0,1189786,0.0,0,0,1189786,0.0,1189786,0.0,121,0,0,0,0,0,0,0,0,0,0,0,0,0,0,0,0,0,0,0,0,0,0,0,0,0,0,0
1297,1,0,6549,3376752,0.19394377,3376752,0.19394377,0,5883,3376752,0.17422067,3376752,0.17422067,474,3,0,0,0,0,0,0,3,0,3,0,0,0,0,0,0,3,0,0,0,0,0,0,0,0,0,0
1310,1,0,689,3397242,0.020281158,3397242,0.020281158,0,689,3397242,0.020281158,3397242,0.020281158,812,0,0,0,0,0,0,0,0,0,0,0,0,0,0,0,0,0,0,0,0,0,0,0,0,0,0,0
1311,1,519080,1335165,3453248,38.664032,3453248,38.664032,0,715962,3453248,20.733004,3453248,20.733004,545,71,71,0,0,0,0,0,0,0,0,0,0,0,0,0,0,0,0,71,71,0,0,0,0,0,0,0
1327,1,0,195848,3186878,6.14545,3186878,6.14545,0,195848,3186878,6.14545,3186878,6.14545,276,0,0,0,0,0,0,0,0,0,0,0,0,0,0,0,0,0,0,0,0,0,0,0,0,0,0,0
1341,1,0,0,1520358,0.0,1520358,0.0,0,0,1520358,0.0,1520358,0.0,267,0,0,0,0,0,0,0,0,0,0,0,0,0,0,0,0,0,0,0,0,0,0,0,0,0,0,0
1349,2,135234,1386589,5953028,23.292162,5953028,23.292162,0,709410,5953028,11.916792999999998,5953028,11.916792999999998,846,42,42,0,0,0,0,0,0,0,33,33,0,0,0,0,0,0,0,9,9,0,0,0,0,0,0,0
1364,1,18497006,19502301,22380544,87.13953000000001,22380544,87.13953000000001,0,19502301,22380544,87.13953000000001,22380544,87.13953000000001,1259,0,0,0,0,0,0,0,0,0,0,0,0,0,0,0,0,0,0,0,0,0,0,0,0,0,0,0
1365,2,18572136,19563048,22380544,87.41096,22380544,87.41096,0,19563048,22380544,87.41096,22380544,87.41096,1284,0,0,0,0,0,0,0,0,0,0,0,0,0,0,0,0,0,0,0,0,0,0,0,0,0,0,0
1367,1,0,33840,1478012,2.289562,1478012,2.289562,0,33840,1478012,2.289562,1478012,2.289562,270,0,0,0,0,0,0,0,0,0,0,0,0,0,0,0,0,0,0,0,0,0,0,0,0,0,0,0
1368,4,4511898,5133300,7306734,70.25437,7306734,70.25437,0,5134224,7306734,70.26701,7306734,70.26701,595,2,0,0,0,0,0,0,2,0,2,0,0,0,0,0,0,2,0,0,0,0,0,0,0,0,0,0
1369,4,5659338,6311207,8454174,74.65196,8454174,74.65196,0,6311207,8454174,74.65196,8454174,74.65196,597,0,0,0,0,0,0,0,0,0,0,0,0,0,0,0,0,0,0,0,0,0,0,0,0,0,0,0
1370,4,4832908,6350038,7033534,90.28232,7033534,90.28232,0,6350038,7033534,90.28232,7033534,90.28232,464,0,0,0,0,0,0,0,0,0,0,0,0,0,0,0,0,0,0,0,0,0,0,0,0,0,0,0
1371,4,4894378,7551909,8529304,88.54074,8529304,88.54074,0,7546896,8529304,88.481964,8529304,88.481964,584,0,0,0,0,0,0,0,0,0,0,0,0,0,0,0,0,0,0,0,0,0,0,0,0,0,0,0
1387,2,162554,785778,4289240,18.31975,4289240,18.31975,0,777233,4289240,18.12053,4289240,18.12053,748,8,8,0,0,0,0,0,0,0,0,0,0,0,0,0,0,0,0,8,8,0,0,0,0,0,0,0
1389,2,162554,812447,4617080,17.596556,4617080,17.596556,0,339663,4617080,7.3566628,4617080,7.3566628,766,79,79,0,0,0,0,0,0,0,0,0,0,0,0,0,0,0,0,79,79,0,0,0,0,0,0,0
1470,5,17879574,18986631,22380544,84.83543399999999,22380544,84.83543399999999,0,18986631,22380544,84.83543399999999,22380544,84.83543399999999,1228,0,0,0,0,0,0,0,0,0,0,0,0,0,0,0,0,0,0,0,0,0,0,0,0,0,0,0
1507,2,643386,976667,2133692,45.77357,2133692,45.77357,0,976667,2133692,45.77357,2133692,45.77357,447,0,0,0,0,0,0,0,0,0,0,0,0,0,0,0,0,0,0,0,0,0,0,0,0,0,0,0
1531,2,0,328551,1648762,19.927134,1648762,19.927134,0,328551,1648762,19.927134,1648762,19.927134,194,2,0,0,2,0,0,0,0,0,0,0,0,0,0,0,0,0,0,2,0,0,2,0,0,0,0,0
1550,2,0,400541,13194194,3.0357368,13194194,3.0357368,0,400541,13194194,3.0357368,13194194,3.0357368,1543,0,0,0,0,0,0,0,0,0,0,0,0,0,0,0,0,0,0,0,0,0,0,0,0,0,0,0
1552,2,177580,851063,7045828,12.078964,7045828,12.078964,0,849843,7045828,12.061649000000001,7045828,12.061649000000001,2299,5,4,0,0,0,0,0,1,0,0,0,0,0,0,0,0,0,0,5,4,0,0,0,0,0,1,0
1553,2,0,647039,22380544,2.891078,22380544,2.891078,0,622068,22380544,2.7795036,22380544,2.7795036,4737,5,0,0,1,0,1,0,0,3,0,0,0,0,0,0,0,0,0,5,0,0,1,0,1,0,0,3
1554,2,310082,1506876,6574558,22.919807000000002,6574558,22.919807000000002,0,965279,6574558,14.682037,6574558,14.682037,1260,149,149,0,0,0,0,0,0,0,147,147,0,0,0,0,0,0,0,2,2,0,0,0,0,0,0,0
1555,2,198070,862924,5746762,15.01583,5746762,15.01583,0,833167,5746762,14.498026000000001,5746762,14.498026000000001,1831,17,9,0,0,0,0,0,7,1,5,0,0,0,0,0,0,5,0,12,9,0,0,0,0,0,2,1
1556,2,198070,926328,11938840,7.758945,11938840,7.758945,0,789018,11938840,6.608833,11938840,6.608833,2282,18,17,0,0,0,0,0,1,0,0,0,0,0,0,0,0,0,0,18,17,0,0,0,0,0,1,0
1598,1,0,1178,905658,0.13007118,905658,0.13007118,0,1178,905658,0.13007118,905658,0.13007118,161,0,0,0,0,0,0,0,0,0,0,0,0,0,0,0,0,0,0,0,0,0,0,0,0,0,0,0
1607,1,0,374,2062660,0.018131927,2062660,0.018131927,0,4812,2062660,0.233291,2062660,0.233291,414,13,0,0,0,0,0,0,13,0,0,0,0,0,0,0,0,0,0,13,0,0,0,0,0,0,13,0
1610,3,650216,14033508,14041114,99.94583,14041114,99.94583,0,14033499,14041114,99.94575999999999,14041114,99.94575999999999,27671,12,0,0,0,0,0,0,5,7,2,0,0,0,0,0,0,1,1,4,0,0,0,0,0,0,4,0
1611,2,1203446,2292675,4775536,48.008747,4775536,48.008747,0,2321785,4775536,48.618313,4775536,48.618313,1085,0,0,0,0,0,0,0,0,0,0,0,0,0,0,0,0,0,0,0,0,0,0,0,0,0,0,0
1667,1,0,5974670,22380544,26.695821999999996,22380544,26.695821999999996,0,655135,22380544,2.9272522999999997,22380544,2.9272522999999997,2101,95,95,0,0,0,0,0,0,0,0,0,0,0,0,0,0,0,0,95,95,0,0,0,0,0,0,0
1668,2,193972,1612292,8874902,18.16687,8874902,18.16687,0,363794,8874902,4.0991325,8874902,4.0991325,1134,205,205,0,0,0,0,0,0,0,0,0,0,0,0,0,0,0,0,205,205,0,0,0,0,0,0,0
1669,1,20490,93813,3440954,2.726366,3440954,2.726366,0,79584,3440954,2.312847,3440954,2.312847,614,2,2,0,0,0,0,0,0,0,0,0,0,0,0,0,0,0,0,2,2,0,0,0,0,0,0,0
1696,1,0,0,3954570,0.0,3954570,0.0,0,0,3954570,0.0,3954570,0.0,202,0,0,0,0,0,0,0,0,0,0,0,0,0,0,0,0,0,0,0,0,0,0,0,0,0,0,0
1697,1,0,18540,2159646,0.858474,2159646,0.858474,0,18540,2159646,0.858474,2159646,0.858474,2014,0,0,0,0,0,0,0,0,0,0,0,0,0,0,0,0,0,0,0,0,0,0,0,0,0,0,0
1725,2,42346,545232,2610426,20.886705,2652772,20.553293,0,468807,2610426,17.959023000000002,2610426,17.959023000000002,451,6,0,0,0,0,6,0,0,0,0,0,0,0,0,0,0,0,0,6,0,0,0,0,6,0,0,0
1734,1,0,0,1501234,0.0,1501234,0.0,0,0,1501234,0.0,1501234,0.0,16,0,0,0,0,0,0,0,0,0,0,0,0,0,0,0,0,0,0,0,0,0,0,0,0,0,0,0
1741,1,0,411614,12806250,3.214165,12806250,3.214165,0,411614,12806250,3.214165,12806250,3.214165,976,0,0,0,0,0,0,0,0,0,0,0,0,0,0,0,0,0,0,0,0,0,0,0,0,0,0,0
1745,1,0,598130,10690316,5.5950637,10690316,5.5950637,0,598130,10690316,5.5950637,10690316,5.5950637,1729,0,0,0,0,0,0,0,0,0,0,0,0,0,0,0,0,0,0,0,0,0,0,0,0,0,0,0
1746,1,0,601410,10690316,5.6257459999999995,10690316,5.6257459999999995,0,601410,10690316,5.6257459999999995,10690316,5.6257459999999995,1724,0,0,0,0,0,0,0,0,0,0,0,0,0,0,0,0,0,0,0,0,0,0,0,0,0,0,0
1747,1,0,599488,10690316,5.607767,10690316,5.607767,0,599488,10690316,5.607767,10690316,5.607767,1733,0,0,0,0,0,0,0,0,0,0,0,0,0,0,0,0,0,0,0,0,0,0,0,0,0,0,0
1749,1,0,613509,10690316,5.738923000000001,10690316,5.738923000000001,0,613509,10690316,5.738923000000001,10690316,5.738923000000001,1729,0,0,0,0,0,0,0,0,0,0,0,0,0,0,0,0,0,0,0,0,0,0,0,0,0,0,0
1752,1,40980,7129014,15166698,47.00439,15166698,47.00439,0,1532399,15166698,10.103709,15166698,10.103709,1432,136,136,0,0,0,0,0,0,0,0,0,0,0,0,0,0,0,0,136,136,0,0,0,0,0,0,0
1753,1,40980,13332619,14993216,88.92435,14993216,88.92435,0,6376280,14993216,42.527770000000004,14993216,42.527770000000004,908,109,109,0,0,0,0,0,0,0,0,0,0,0,0,0,0,0,0,109,109,0,0,0,0,0,0,0
1754,1,40980,3015909,4684014,64.387276,4684014,64.387276,0,884449,4684014,18.882285999999997,4684014,18.882285999999997,662,43,42,0,1,0,0,0,0,0,1,0,0,1,0,0,0,0,0,42,42,0,0,0,0,0,0,0
1755,5,2021680,2785165,3454614,80.621605,3454614,80.621605,0,2785013,3454614,80.6172,3454614,80.6172,645,1,0,0,1,0,0,0,0,0,1,0,0,1,0,0,0,0,0,0,0,0,0,0,0,0,0,0
1777,1,0,0,2329030,0.0,2329030,0.0,0,0,2329030,0.0,2329030,0.0,327,0,0,0,0,0,0,0,0,0,0,0,0,0,0,0,0,0,0,0,0,0,0,0,0,0,0,0
1778,1,0,0,1502600,0.0,1502600,0.0,0,0,1502600,0.0,1502600,0.0,323,0,0,0,0,0,0,0,0,0,0,0,0,0,0,0,0,0,0,0,0,0,0,0,0,0,0,0
1779,2,45078,865430,3652684,23.692989999999998,3652684,23.692989999999998,0,397443,3652684,10.880848,3652684,10.880848,531,42,42,0,0,0,0,0,0,0,0,0,0,0,0,0,0,0,0,42,42,0,0,0,0,0,0,0
1787,2,40980,387246,7320394,5.2899613,7320394,5.2899613,0,360576,7320394,4.9256363,7320394,4.9256363,1082,9,9,0,0,0,0,0,0,0,0,0,0,0,0,0,0,0,0,9,9,0,0,0,0,0,0,0
1795,1,0,0,4439500,0.0,4439500,0.0,0,0,4439500,0.0,4439500,0.0,119,0,0,0,0,0,0,0,0,0,0,0,0,0,0,0,0,0,0,0,0,0,0,0,0,0,0,0
1834,4,307350,1997999,6787654,29.435781,6787654,29.435781,0,1882363,6787654,27.732159000000003,6787654,27.732159000000003,2258,46,42,0,1,0,2,0,1,0,2,0,0,1,0,0,0,1,0,44,42,0,0,0,2,0,0,0
1835,4,1464352,2523208,6854588,36.810497,6854588,36.810497,0,2480860,6854588,36.19269,6854588,36.19269,1137,28,14,1,0,1,11,1,0,0,3,3,0,0,0,0,0,0,0,23,11,0,0,0,11,1,0,0
1836,3,6637394,7841558,12143740,64.57284,12143740,64.57284,0,7836154,12143740,64.52834,12143740,64.52834,1250,17,12,0,0,0,3,0,0,2,3,0,0,0,0,3,0,0,0,14,12,0,0,0,0,0,0,2
1857,1,0,389239,20823304,1.8692471000000002,20823304,1.8692471000000002,0,389239,20823304,1.8692471000000002,20823304,1.8692471000000002,1478,0,0,0,0,0,0,0,0,0,0,0,0,0,0,0,0,0,0,0,0,0,0,0,0,0,0,0
1858,1,0,0,22380544,0.0,22380544,0.0,0,0,22380544,0.0,22380544,0.0,1077,0,0,0,0,0,0,0,0,0,0,0,0,0,0,0,0,0,0,0,0,0,0,0,0,0,0,0
1875,2,0,302761,6338240,4.7767363,6338240,4.7767363,0,302761,6338240,4.7767363,6338240,4.7767363,447,0,0,0,0,0,0,0,0,0,0,0,0,0,0,0,0,0,0,0,0,0,0,0,0,0,0,0
1926,3,0,92468,10492246,0.8812984,10492246,0.8812984,0,92468,10492246,0.8812984,10492246,0.8812984,1548,0,0,0,0,0,0,0,0,0,0,0,0,0,0,0,0,0,0,0,0,0,0,0,0,0,0,0
1929,2,819600,2435507,2854940,85.30852,3674540,66.280594,0,1615907,2854940,56.600384,2854940,56.600384,751,0,0,0,0,0,0,0,0,0,0,0,0,0,0,0,0,0,0,0,0,0,0,0,0,0,0,0
2007,2,316912,812384,4113026,19.751492000000002,4113026,19.751492000000002,0,824527,4113026,20.046726,4113026,20.046726,986,5,5,0,0,0,0,0,0,0,0,0,0,0,0,0,0,0,0,5,5,0,0,0,0,0,0,0
2009,2,1243060,2223209,3035252,73.24627,3035252,73.24627,0,2223209,3035252,73.24627,3035252,73.24627,312,0,0,0,0,0,0,0,0,0,0,0,0,0,0,0,0,0,0,0,0,0,0,0,0,0,0,0
2010,2,956200,1262519,3035252,41.595196,3035252,41.595196,0,1262519,3035252,41.595196,3035252,41.595196,323,0,0,0,0,0,0,0,0,0,0,0,0,0,0,0,0,0,0,0,0,0,0,0,0,0,0,0
2020,4,0,2400350,7023972,34.173687,7023972,34.173687,0,2400350,7023972,34.173687,7023972,34.173687,1114,3,0,0,0,0,0,0,3,0,0,0,0,0,0,0,0,0,0,3,0,0,0,0,0,0,3,0
2027,2,0,83522,5095180,1.6392354999999998,5095180,1.6392354999999998,0,83522,5095180,1.6392354999999998,5095180,1.6392354999999998,588,1,0,1,0,0,0,0,0,0,0,0,0,0,0,0,0,0,0,0,0,0,0,0,0,0,0,0
2049,1,0,8588,4285142,0.20041344,4285142,0.20041344,0,8588,4285142,0.20041344,4285142,0.20041344,786,0,0,0,0,0,0,0,0,0,0,0,0,0,0,0,0,0,0,0,0,0,0,0,0,0,0,0
2050,1,0,0,2208822,0.0,2208822,0.0,0,0,2208822,0.0,2208822,0.0,526,0,0,0,0,0,0,0,0,0,0,0,0,0,0,0,0,0,0,0,0,0,0,0,0,0,0,0
2051,1,0,0,2353618,0.0,2353618,0.0,0,0,2353618,0.0,2353618,0.0,382,0,0,0,0,0,0,0,0,0,0,0,0,0,0,0,0,0,0,0,0,0,0,0,0,0,0,0
2052,1,0,1994,3252446,0.061307706,3252446,0.061307706,0,1994,3252446,0.061307706,3252446,0.061307706,719,0,0,0,0,0,0,0,0,0,0,0,0,0,0,0,0,0,0,0,0,0,0,0,0,0,0,0
2053,1,0,0,7273950,0.0,7273950,0.0,0,0,7273950,0.0,7273950,0.0,407,0,0,0,0,0,0,0,0,0,0,0,0,0,0,0,0,0,0,0,0,0,0,0,0,0,0,0
2054,1,0,2981,2645942,0.11266309,2645942,0.11266309,0,2981,2645942,0.11266309,2645942,0.11266309,707,0,0,0,0,0,0,0,0,0,0,0,0,0,0,0,0,0,0,0,0,0,0,0,0,0,0,0
2055,1,0,0,2520270,0.0,2520270,0.0,0,0,2520270,0.0,2520270,0.0,418,0,0,0,0,0,0,0,0,0,0,0,0,0,0,0,0,0,0,0,0,0,0,0,0,0,0,0
2056,1,0,109,9074338,0.0012011896,9074338,0.0012011896,0,109,9074338,0.0012011896,9074338,0.0012011896,396,0,0,0,0,0,0,0,0,0,0,0,0,0,0,0,0,0,0,0,0,0,0,0,0,0,0,0
2117,1,0,6272,4502336,0.13930546,4502336,0.13930546,0,6272,4502336,0.13930546,4502336,0.13930546,517,0,0,0,0,0,0,0,0,0,0,0,0,0,0,0,0,0,0,0,0,0,0,0,0,0,0,0
2163,4,932978,4191619,6808144,61.567719999999994,6808144,61.567719999999994,0,4015915,6808144,58.986927,6808144,58.986927,636,18,18,0,0,0,0,0,0,0,0,0,0,0,0,0,0,0,0,18,18,0,0,0,0,0,0,0
2180,2,0,246316,6089628,4.0448446,6089628,4.0448446,0,246316,6089628,4.0448446,6089628,4.0448446,321,0,0,0,0,0,0,0,0,0,0,0,0,0,0,0,0,0,0,0,0,0,0,0,0,0,0,0
2212,1,0,55,905658,0.0060729324,905658,0.0060729324,0,55,905658,0.0060729324,905658,0.0060729324,316,0,0,0,0,0,0,0,0,0,0,0,0,0,0,0,0,0,0,0,0,0,0,0,0,0,0,0
2213,1,17758,55401,1090068,5.0823436,1107826,5.000875499999999,0,9425,1090068,0.864625,1090068,0.864625,337,9,0,0,0,0,9,0,0,0,0,0,0,0,0,0,0,0,0,9,0,0,0,0,9,0,0,0
2214,1,0,11186,1191152,0.9390909,1191152,0.9390909,0,5345,1191152,0.44872525,1191152,0.44872525,322,6,0,0,0,0,6,0,0,0,0,0,0,0,0,0,0,0,0,6,0,0,0,0,6,0,0,0
2250,2,357892,812174,14950870,5.432286,14950870,5.432286,0,821528,14950870,5.4948505999999995,14950870,5.4948505999999995,1165,1,1,0,0,0,0,0,0,0,1,1,0,0,0,0,0,0,0,0,0,0,0,0,0,0,0,0
2251,1,0,219459,6442056,3.4066608,6442056,3.4066608,0,229098,6442056,3.556287,6442056,3.556287,1006,1,1,0,0,0,0,0,0,0,1,1,0,0,0,0,0,0,0,0,0,0,0,0,0,0,0,0
2252,2,887900,1160690,3212832,36.126694,3212832,36.126694,0,1171499,3212832,36.463127,3212832,36.463127,495,1,1,0,0,0,0,0,0,0,1,1,0,0,0,0,0,0,0,0,0,0,0,0,0,0,0,0
2253,2,887900,1152080,3212832,35.858707,3212832,35.858707,0,1162759,3212832,36.191093,3212832,36.191093,532,1,1,0,0,0,0,0,0,0,1,1,0,0,0,0,0,0,0,0,0,0,0,0,0,0,0,0
2254,1,293690,600175,13658634,4.394107,13658634,4.394107,0,248900,13658634,1.8222904999999998,13658634,1.8222904999999998,4690,18,17,0,0,0,0,0,1,0,1,1,0,0,0,0,0,0,0,17,16,0,0,0,0,0,1,0
2256,1,0,2835,1412444,0.20071593,1412444,0.20071593,0,2835,1412444,0.20071593,1412444,0.20071593,375,0,0,0,0,0,0,0,0,0,0,0,0,0,0,0,0,0,0,0,0,0,0,0,0,0,0,0
2348,2,0,99747,1831806,5.445282,1831806,5.445282,0,99747,1831806,5.445282,1831806,5.445282,332,0,0,0,0,0,0,0,0,0,0,0,0,0,0,0,0,0,0,0,0,0,0,0,0,0,0,0
2359,1,39614,93536,3268838,2.8614450000000002,3268838,2.8614450000000002,0,93536,3268838,2.8614450000000002,3268838,2.8614450000000002,157,0,0,0,0,0,0,0,0,0,0,0,0,0,0,0,0,0,0,0,0,0,0,0,0,0,0,0
2362,1,0,13558,2371376,0.57173556,2371376,0.57173556,0,13558,2371376,0.57173556,2371376,0.57173556,290,0,0,0,0,0,0,0,0,0,0,0,0,0,0,0,0,0,0,0,0,0,0,0,0,0,0,0
2363,2,121574,307294,1621442,18.951897,1621442,18.951897,0,307294,1621442,18.951897,1621442,18.951897,480,0,0,0,0,0,0,0,0,0,0,0,0,0,0,0,0,0,0,0,0,0,0,0,0,0,0,0
2368,1,0,25471,2049000,1.2430941999999998,2049000,1.2430941999999998,0,25471,2049000,1.2430941999999998,2049000,1.2430941999999998,224,0,0,0,0,0,0,0,0,0,0,0,0,0,0,0,0,0,0,0,0,0,0,0,0,0,0,0
2387,2,874240,1666081,8488324,19.627914,8488324,19.627914,0,1666081,8488324,19.627914,8488324,19.627914,618,1,0,0,0,0,1,0,0,0,0,0,0,0,0,0,0,0,0,1,0,0,0,0,1,0,0,0
2396,2,588746,1949354,4197718,46.43842,4197718,46.43842,0,1901021,4197718,45.287009999999995,4197718,45.287009999999995,1088,11,5,0,1,0,2,0,3,0,0,0,0,0,0,0,0,0,0,11,5,0,1,0,2,0,3,0
2459,2,314180,1499499,3413634,43.926765,3413634,43.926765,0,1480214,3413634,43.361828,3413634,43.361828,396,2,2,0,0,0,0,0,0,0,0,0,0,0,0,0,0,0,0,2,2,0,0,0,0,0,0,0
2463,1,0,3074,2691020,0.11423178,2691020,0.11423178,0,3074,2691020,0.11423178,2691020,0.11423178,698,0,0,0,0,0,0,0,0,0,0,0,0,0,0,0,0,0,0,0,0,0,0,0,0,0,0,0
2469,1,0,56525,4761876,1.1870322,4761876,1.1870322,0,56525,4761876,1.1870322,4761876,1.1870322,1734,0,0,0,0,0,0,0,0,0,0,0,0,0,0,0,0,0,0,0,0,0,0,0,0,0,0,0
2472,1,0,33163,2635014,1.2585511999999999,2635014,1.2585511999999999,0,33163,2635014,1.2585511999999999,2635014,1.2585511999999999,1010,0,0,0,0,0,0,0,0,0,0,0,0,0,0,0,0,0,0,0,0,0,0,0,0,0,0,0
2473,5,245880,477075,1151538,41.429375,1151538,41.429375,0,477075,1151538,41.429375,1151538,41.429375,213,0,0,0,0,0,0,0,0,0,0,0,0,0,0,0,0,0,0,0,0,0,0,0,0,0,0,0
2477,1,0,68556,5633384,1.2169595,5633384,1.2169595,0,68556,5633384,1.2169595,5633384,1.2169595,1227,0,0,0,0,0,0,0,0,0,0,0,0,0,0,0,0,0,0,0,0,0,0,0,0,0,0,0
2480,1,0,338148,7973342,4.240982,7973342,4.240982,0,335674,7973342,4.209954,7973342,4.209954,1017,1,1,0,0,0,0,0,0,0,0,0,0,0,0,0,0,0,0,1,1,0,0,0,0,0,0,0
2484,1,0,0,905658,0.0,905658,0.0,0,0,905658,0.0,905658,0.0,3,0,0,0,0,0,0,0,0,0,0,0,0,0,0,0,0,0,0,0,0,0,0,0,0,0,0,0
2487,1,0,793,6274038,0.0126393875,6274038,0.0126393875,0,793,6274038,0.0126393875,6274038,0.0126393875,687,0,0,0,0,0,0,0,0,0,0,0,0,0,0,0,0,0,0,0,0,0,0,0,0,0,0,0
2488,1,1366,3492,8827092,0.039560027000000005,8828458,0.039553907,0,984,8827092,0.011147498999999998,8827092,0.011147498999999998,701,3,3,0,0,0,0,0,0,0,0,0,0,0,0,0,0,0,0,3,3,0,0,0,0,0,0,0
2489,1,0,17207,4819248,0.3570474,4819248,0.3570474,0,17207,4819248,0.3570474,4819248,0.3570474,1058,0,0,0,0,0,0,0,0,0,0,0,0,0,0,0,0,0,0,0,0,0,0,0,0,0,0,0
2490,1,0,65705,2069490,3.1749368,2069490,3.1749368,0,65705,2069490,3.1749368,2069490,3.1749368,415,0,0,0,0,0,0,0,0,0,0,0,0,0,0,0,0,0,0,0,0,0,0,0,0,0,0,0
2491,1,0,0,1326386,0.0,1326386,0.0,0,0,1326386,0.0,1326386,0.0,545,0,0,0,0,0,0,0,0,0,0,0,0,0,0,0,0,0,0,0,0,0,0,0,0,0,0,0
2496,2,0,385960,22380544,1.7245336,22380544,1.7245336,0,377671,22380544,1.687497,22380544,1.687497,1138,0,0,0,0,0,0,0,0,0,0,0,0,0,0,0,0,0,0,0,0,0,0,0,0,0,0,0
2500,1,0,909,2848110,0.031915902999999995,2848110,0.031915902999999995,0,909,2848110,0.031915902999999995,2848110,0.031915902999999995,568,0,0,0,0,0,0,0,0,0,0,0,0,0,0,0,0,0,0,0,0,0,0,0,0,0,0,0
2501,1,0,10,1305896,0.00076575775,1305896,0.00076575775,0,10,1305896,0.00076575775,1305896,0.00076575775,298,0,0,0,0,0,0,0,0,0,0,0,0,0,0,0,0,0,0,0,0,0,0,0,0,0,0,0
2502,1,0,0,2531198,0.0,2531198,0.0,0,0,2531198,0.0,2531198,0.0,519,0,0,0,0,0,0,0,0,0,0,0,0,0,0,0,0,0,0,0,0,0,0,0,0,0,0,0
2503,1,0,10,4190888,0.00023861292,4190888,0.00023861292,0,10,4190888,0.00023861292,4190888,0.00023861292,581,0,0,0,0,0,0,0,0,0,0,0,0,0,0,0,0,0,0,0,0,0,0,0,0,0,0,0
2506,1,0,10,1284040,0.00077879196,1284040,0.00077879196,0,10,1284040,0.00077879196,1284040,0.00077879196,299,0,0,0,0,0,0,0,0,0,0,0,0,0,0,0,0,0,0,0,0,0,0,0,0,0,0,0
2507,1,0,10,1416542,0.0007059445,1416542,0.0007059445,0,10,1416542,0.0007059445,1416542,0.0007059445,405,0,0,0,0,0,0,0,0,0,0,0,0,0,0,0,0,0,0,0,0,0,0,0,0,0,0,0
2512,1,0,0,1782630,0.0,1782630,0.0,0,0,1782630,0.0,1782630,0.0,749,0,0,0,0,0,0,0,0,0,0,0,0,0,0,0,0,0,0,0,0,0,0,0,0,0,0,0
2518,1,213096,499205,8575748,5.821125,8575748,5.821125,0,272428,8575748,3.1767258999999997,8575748,3.1767258999999997,1313,55,55,0,0,0,0,0,0,0,0,0,0,0,0,0,0,0,0,55,55,0,0,0,0,0,0,0
2523,1,0,10584,2132326,0.49635938,2132326,0.49635938,0,10584,2132326,0.49635938,2132326,0.49635938,2106,0,0,0,0,0,0,0,0,0,0,0,0,0,0,0,0,0,0,0,0,0,0,0,0,0,0,0
2539,1,1366,54071,1834538,2.9473906000000003,1834538,2.9473906000000003,0,41585,1834538,2.2667832000000003,1834538,2.2667832000000003,503,4,0,0,1,0,0,0,3,0,1,0,0,0,0,0,0,1,0,3,0,0,1,0,0,0,2,0
2541,1,0,754,905658,0.08325438,905658,0.08325438,0,754,905658,0.08325438,905658,0.08325438,135,0,0,0,0,0,0,0,0,0,0,0,0,0,0,0,0,0,0,0,0,0,0,0,0,0,0,0
2542,1,0,754,905658,0.08325438,905658,0.08325438,0,754,905658,0.08325438,905658,0.08325438,135,0,0,0,0,0,0,0,0,0,0,0,0,0,0,0,0,0,0,0,0,0,0,0,0,0,0,0
2543,1,0,754,905658,0.08325438,905658,0.08325438,0,754,905658,0.08325438,905658,0.08325438,135,0,0,0,0,0,0,0,0,0,0,0,0,0,0,0,0,0,0,0,0,0,0,0,0,0,0,0
2544,2,0,289011,4893012,5.906607,4893012,5.906607,0,289011,4893012,5.906607,4893012,5.906607,1744,0,0,0,0,0,0,0,0,0,0,0,0,0,0,0,0,0,0,0,0,0,0,0,0,0,0,0
2558,1,0,86083,4873888,1.7662080000000002,4873888,1.7662080000000002,0,95930,4873888,1.9682438000000002,4873888,1.9682438000000002,576,2,1,0,0,0,0,0,1,0,1,1,0,0,0,0,0,0,0,1,0,0,0,0,0,0,1,0
2577,1,0,30,1008108,0.0029758716,1008108,0.0029758716,0,30,1008108,0.0029758716,1008108,0.0029758716,140,0,0,0,0,0,0,0,0,0,0,0,0,0,0,0,0,0,0,0,0,0,0,0,0,0,0,0
2582,1,0,25,1855028,0.0013476885999999999,1855028,0.0013476885999999999,0,25,1855028,0.0013476885999999999,1855028,0.0013476885999999999,386,0,0,0,0,0,0,0,0,0,0,0,0,0,0,0,0,0,0,0,0,0,0,0,0,0,0,0
2595,1,0,0,9157664,0.0,9157664,0.0,0,0,9157664,0.0,9157664,0.0,495,0,0,0,0,0,0,0,0,0,0,0,0,0,0,0,0,0,0,0,0,0,0,0,0,0,0,0
2601,1,270468,2260149,5936636,38.071205,5936636,38.071205,0,627517,5936636,10.570246000000001,5936636,10.570246000000001,658,96,96,0,0,0,0,0,0,0,0,0,0,0,0,0,0,0,0,96,96,0,0,0,0,0,0,0
2605,2,0,111551,1378294,8.093411,1378294,8.093411,0,111551,1378294,8.093411,1378294,8.093411,383,0,0,0,0,0,0,0,0,0,0,0,0,0,0,0,0,0,0,0,0,0,0,0,0,0,0,0
2606,1,0,0,905658,0.0,905658,0.0,0,0,905658,0.0,905658,0.0,97,0,0,0,0,0,0,0,0,0,0,0,0,0,0,0,0,0,0,0,0,0,0,0,0,0,0,0
2607,1,0,0,1729356,0.0,1729356,0.0,0,0,1729356,0.0,1729356,0.0,369,0,0,0,0,0,0,0,0,0,0,0,0,0,0,0,0,0,0,0,0,0,0,0,0,0,0,0
2635,1,0,519,2113202,0.024559885,2113202,0.024559885,0,519,2113202,0.024559885,2113202,0.024559885,252,0,0,0,0,0,0,0,0,0,0,0,0,0,0,0,0,0,0,0,0,0,0,0,0,0,0,0
2647,1,0,4744,6209836,0.07639493,6209836,0.07639493,0,4744,6209836,0.07639493,6209836,0.07639493,200,0,0,0,0,0,0,0,0,0,0,0,0,0,0,0,0,0,0,0,0,0,0,0,0,0,0,0
2648,1,0,0,8254738,0.0,8254738,0.0,0,0,8254738,0.0,8254738,0.0,239,0,0,0,0,0,0,0,0,0,0,0,0,0,0,0,0,0,0,0,0,0,0,0,0,0,0,0
2654,2,0,2862,1883714,0.15193389999999998,1883714,0.15193389999999998,0,2862,1883714,0.15193389999999998,1883714,0.15193389999999998,403,0,0,0,0,0,0,0,0,0,0,0,0,0,0,0,0,0,0,0,0,0,0,0,0,0,0,0
2655,1,0,2841,9307924,0.03052238,9307924,0.03052238,0,2841,9307924,0.03052238,9307924,0.03052238,744,0,0,0,0,0,0,0,0,0,0,0,0,0,0,0,0,0,0,0,0,0,0,0,0,0,0,0
2666,1,0,0,8376312,0.0,8376312,0.0,0,0,8376312,0.0,8376312,0.0,341,0,0,0,0,0,0,0,0,0,0,0,0,0,0,0,0,0,0,0,0,0,0,0,0,0,0,0
2671,2,299154,530070,1721160,30.797253,1721160,30.797253,0,530070,1721160,30.797253,1721160,30.797253,325,0,0,0,0,0,0,0,0,0,0,0,0,0,0,0,0,0,0,0,0,0,0,0,0,0,0,0
2672,1,0,37721,1326386,2.843893,1326386,2.843893,0,37703,1326386,2.842536,1326386,2.842536,332,0,0,0,0,0,0,0,0,0,0,0,0,0,0,0,0,0,0,0,0,0,0,0,0,0,0,0
2673,2,300520,507031,1721160,29.458679999999998,1721160,29.458679999999998,0,507031,1721160,29.458679999999998,1721160,29.458679999999998,334,1,0,0,0,0,0,0,1,0,0,0,0,0,0,0,0,0,0,1,0,0,0,0,0,0,1,0
2686,2,505420,2100461,4539218,46.273632,5044638,41.637496999999996,0,1296716,4539218,28.566947999999996,4539218,28.566947999999996,922,5,1,0,0,1,2,1,0,0,1,1,0,0,0,0,0,0,0,2,0,0,0,0,2,0,0,0
2747,1,0,123633,5145722,2.4026365000000003,5145722,2.4026365000000003,0,123633,5145722,2.4026365000000003,5145722,2.4026365000000003,1009,0,0,0,0,0,0,0,0,0,0,0,0,0,0,0,0,0,0,0,0,0,0,0,0,0,0,0
2755,1,0,0,1157002,0.0,1157002,0.0,0,0,1157002,0.0,1157002,0.0,185,0,0,0,0,0,0,0,0,0,0,0,0,0,0,0,0,0,0,0,0,0,0,0,0,0,0,0
2756,2,0,156281,2214286,7.057850999999999,2214286,7.057850999999999,0,156281,2214286,7.057850999999999,2214286,7.057850999999999,407,1,0,0,0,0,0,1,0,0,0,0,0,0,0,0,0,0,0,1,0,0,0,0,0,1,0,0
2761,1,0,152877,4735922,3.2280304,4735922,3.2280304,0,152877,4735922,3.2280304,4735922,3.2280304,1197,1,0,0,0,0,0,0,1,0,0,0,0,0,0,0,0,0,0,1,0,0,0,0,0,0,1,0
2770,1,0,5933,1711598,0.34663513,1711598,0.34663513,0,5920,1711598,0.34587562,1711598,0.34587562,316,3,0,0,0,0,0,0,3,0,3,0,0,0,0,0,0,3,0,0,0,0,0,0,0,0,0,0
2779,1,0,0,1518992,0.0,1518992,0.0,0,0,1518992,0.0,1518992,0.0,248,0,0,0,0,0,0,0,0,0,0,0,0,0,0,0,0,0,0,0,0,0,0,0,0,0,0,0
2780,1,0,0,1483476,0.0,1483476,0.0,0,0,1483476,0.0,1483476,0.0,248,0,0,0,0,0,0,0,0,0,0,0,0,0,0,0,0,0,0,0,0,0,0,0,0,0,0,0
2781,1,0,0,1518992,0.0,1518992,0.0,0,0,1518992,0.0,1518992,0.0,248,0,0,0,0,0,0,0,0,0,0,0,0,0,0,0,0,0,0,0,0,0,0,0,0,0,0,0
2786,2,0,710056,6539042,10.858716000000001,6539042,10.858716000000001,0,710056,6539042,10.858716000000001,6539042,10.858716000000001,902,3,0,0,0,0,0,1,0,2,0,0,0,0,0,0,0,0,0,1,0,0,0,0,0,1,0,0
2791,2,0,498501,11687496,4.2652507,11687496,4.2652507,0,498501,11687496,4.2652507,11687496,4.2652507,4515,0,0,0,0,0,0,0,0,0,0,0,0,0,0,0,0,0,0,0,0,0,0,0,0,0,0,0
2794,1,0,20747,1639200,1.2656783999999999,1639200,1.2656783999999999,0,20747,1639200,1.2656783999999999,1639200,1.2656783999999999,192,0,0,0,0,0,0,0,0,0,0,0,0,0,0,0,0,0,0,0,0,0,0,0,0,0,0,0
2807,1,0,0,1827708,0.0,1827708,0.0,0,0,1827708,0.0,1827708,0.0,90,0,0,0,0,0,0,0,0,0,0,0,0,0,0,0,0,0,0,0,0,0,0,0,0,0,0,0
2808,1,0,108,1258086,0.008584469,1258086,0.008584469,0,108,1258086,0.008584469,1258086,0.008584469,241,0,0,0,0,0,0,0,0,0,0,0,0,0,0,0,0,0,0,0,0,0,0,0,0,0,0,0
2813,1,0,0,4155372,0.0,4155372,0.0,0,0,4155372,0.0,4155372,0.0,241,0,0,0,0,0,0,0,0,0,0,0,0,0,0,0,0,0,0,0,0,0,0,0,0,0,0,0
2814,1,0,0,3822068,0.0,3822068,0.0,0,0,3822068,0.0,3822068,0.0,290,0,0,0,0,0,0,0,0,0,0,0,0,0,0,0,0,0,0,0,0,0,0,0,0,0,0,0
2815,1,0,0,2529832,0.0,2529832,0.0,0,0,2529832,0.0,2529832,0.0,122,0,0,0,0,0,0,0,0,0,0,0,0,0,0,0,0,0,0,0,0,0,0,0,0,0,0,0
2836,2,109280,768547,6252182,12.292461,6252182,12.292461,0,768547,6252182,12.292461,6252182,12.292461,509,0,0,0,0,0,0,0,0,0,0,0,0,0,0,0,0,0,0,0,0,0,0,0,0,0,0,0
2840,1,0,82981,1740284,4.7682447,1740284,4.7682447,0,82981,1740284,4.7682447,1740284,4.7682447,847,0,0,0,0,0,0,0,0,0,0,0,0,0,0,0,0,0,0,0,0,0,0,0,0,0,0,0
2841,1,0,81638,1872786,4.359173999999999,1872786,4.359173999999999,0,81638,1872786,4.359173999999999,1872786,4.359173999999999,850,0,0,0,0,0,0,0,0,0,0,0,0,0,0,0,0,0,0,0,0,0,0,0,0,0,0,0
2848,1,0,0,3680004,0.0,3680004,0.0,0,1518,3680004,0.041249957000000004,3680004,0.041249957000000004,1453,5,0,0,0,0,5,0,0,0,5,0,0,0,0,5,0,0,0,0,0,0,0,0,0,0,0,0
2852,1,28686,34569,1689742,2.0458152,1689742,2.0458152,0,34569,1689742,2.0458152,1689742,2.0458152,377,0,0,0,0,0,0,0,0,0,0,0,0,0,0,0,0,0,0,0,0,0,0,0,0,0,0,0
2942,1,0,7616,1542214,0.49383548,1542214,0.49383548,0,7616,1542214,0.49383548,1542214,0.49383548,345,0,0,0,0,0,0,0,0,0,0,0,0,0,0,0,0,0,0,0,0,0,0,0,0,0,0,0
3004,2,23222,1068271,5869702,18.199749,5869702,18.199749,0,1050199,5869702,17.891863,5869702,17.891863,935,6,5,0,0,0,1,0,0,0,0,0,0,0,0,0,0,0,0,6,5,0,0,0,1,0,0,0
3040,1,0,0,905658,0.0,905658,0.0,0,0,905658,0.0,905658,0.0,71,0,0,0,0,0,0,0,0,0,0,0,0,0,0,0,0,0,0,0,0,0,0,0,0,0,0,0
3059,1,0,0,1098264,0.0,1098264,0.0,0,0,1098264,0.0,1098264,0.0,123,0,0,0,0,0,0,0,0,0,0,0,0,0,0,0,0,0,0,0,0,0,0,0,0,0,0,0
3063,1,0,0,1337314,0.0,1337314,0.0,0,0,1337314,0.0,1337314,0.0,375,0,0,0,0,0,0,0,0,0,0,0,0,0,0,0,0,0,0,0,0,0,0,0,0,0,0,0
3159,2,0,205069,2100908,9.76097,2100908,9.76097,0,205069,2100908,9.76097,2100908,9.76097,402,0,0,0,0,0,0,0,0,0,0,0,0,0,0,0,0,0,0,0,0,0,0,0,0,0,0,0
3166,1,0,6548,6886006,0.09509141,6886006,0.09509141,0,6548,6886006,0.09509141,6886006,0.09509141,973,0,0,0,0,0,0,0,0,0,0,0,0,0,0,0,0,0,0,0,0,0,0,0,0,0,0,0
3174,1,0,99658,13020712,0.76538056,13020712,0.76538056,0,17492,13020712,0.13433981,13020712,0.13433981,2644,4,4,0,0,0,0,0,0,0,0,0,0,0,0,0,0,0,0,4,4,0,0,0,0,0,0,0
3198,2,0,65520,1240328,5.282473599999999,1240328,5.282473599999999,0,65520,1240328,5.282473599999999,1240328,5.282473599999999,467,0,0,0,0,0,0,0,0,0,0,0,0,0,0,0,0,0,0,0,0,0,0,0,0,0,0,0
3347,2,635190,2940956,5499516,53.476634999999995,5499516,53.476634999999995,0,2445653,5499516,44.47033,5499516,44.47033,924,46,43,2,0,0,1,0,0,0,1,0,0,0,0,1,0,0,0,43,43,0,0,0,0,0,0,0
3362,1,0,15805,2943730,0.53690386,2943730,0.53690386,0,15805,2943730,0.53690386,2943730,0.53690386,857,0,0,0,0,0,0,0,0,0,0,0,0,0,0,0,0,0,0,0,0,0,0,0,0,0,0,0
3363,1,0,3981,3675906,0.10829983,3675906,0.10829983,0,3661,3675906,0.09959449599999999,3675906,0.09959449599999999,1334,2,0,0,0,0,0,0,2,0,2,0,0,0,0,0,0,2,0,0,0,0,0,0,0,0,0,0
3390,2,616066,1796815,5286420,33.989259999999994,5286420,33.989259999999994,0,1742731,5286420,32.966187,5286420,32.966187,783,19,15,1,0,0,2,0,0,1,1,0,0,0,0,1,0,0,0,17,15,0,0,0,1,0,0,1
3400,1,0,31193,2162378,1.4425323,2162378,1.4425323,0,31193,2162378,1.4425323,2162378,1.4425323,362,0,0,0,0,0,0,0,0,0,0,0,0,0,0,0,0,0,0,0,0,0,0,0,0,0,0,0
3411,1,21856,58452,2607694,2.2415206000000003,2629550,2.22289,0,30973,2607694,1.1877544,2607694,1.1877544,661,5,0,0,0,0,0,0,5,0,5,0,0,0,0,0,0,5,0,0,0,0,0,0,0,0,0,0
3412,2,73764,243301,3789284,6.4207644,3789284,6.4207644,0,242674,3789284,6.4042177,3789284,6.4042177,507,0,0,0,0,0,0,0,0,0,0,0,0,0,0,0,0,0,0,0,0,0,0,0,0,0,0,0
3425,4,19587074,19819084,22380544,88.55497,22380544,88.55497,0,19796560,22380544,88.45432,22380544,88.45432,406,4,1,0,0,0,3,0,0,0,1,1,0,0,0,0,0,0,0,3,0,0,0,0,3,0,0,0
3429,1,0,121,2738830,0.0044179447,2738830,0.0044179447,0,121,2738830,0.0044179447,2738830,0.0044179447,1138,0,0,0,0,0,0,0,0,0,0,0,0,0,0,0,0,0,0,0,0,0,0,0,0,0,0,0
3442,2,0,578925,6319116,9.161488,6319116,9.161488,0,578925,6319116,9.161488,6319116,9.161488,2071,1,0,0,0,0,0,0,1,0,0,0,0,0,0,0,0,0,0,1,0,0,0,0,0,0,1,0
3545,1,0,6230,1256720,0.49573493,1256720,0.49573493,0,6230,1256720,0.49573493,1256720,0.49573493,983,0,0,0,0,0,0,0,0,0,0,0,0,0,0,0,0,0,0,0,0,0,0,0,0,0,0,0
3581,5,4197718,12992066,11347362,114.494156,15545080,83.57670999999999,0,8794348,11347362,77.50126,11347362,77.50126,1452,5,0,0,0,0,0,0,4,1,0,0,0,0,0,0,0,0,0,5,0,0,0,0,0,0,4,1
3582,5,3562528,12396480,11123338,111.44568999999998,14685866,84.41096,0,8817340,11123338,79.26883000000001,11123338,79.26883000000001,1429,1,0,0,0,0,0,1,0,0,0,0,0,0,0,0,0,0,0,1,0,0,0,0,0,1,0,0
3583,5,4230502,12798903,11168416,114.59908999999999,15398918,83.1156,0,8575705,11168416,76.78533,11168416,76.78533,1459,4,0,0,0,0,0,0,1,3,0,0,0,0,0,0,0,0,0,4,0,0,0,0,0,0,1,3
3584,5,3555698,11662815,10165772,114.7263,13721470,84.99683,0,8110204,10165772,79.77951999999999,10165772,79.77951999999999,1394,1,0,0,0,0,0,1,0,0,0,0,0,0,0,0,0,0,0,1,0,0,0,0,0,1,0,0
3585,5,4928528,13492487,11156122,120.942444,16084650,83.88424,0,8557956,11156122,76.71084599999999,11156122,76.71084599999999,1467,0,0,0,0,0,0,0,0,0,0,0,0,0,0,0,0,0,0,0,0,0,0,0,0,0,0,0
3600,2,1478012,3494728,20324714,17.194475,20324714,17.194475,0,3161230,20324714,15.553626000000001,20324714,15.553626000000001,1554,23,23,0,0,0,0,0,0,0,0,0,0,0,0,0,0,0,0,23,23,0,0,0,0,0,0,0
3669,1,0,0,1202080,0.0,1202080,0.0,0,0,1202080,0.0,1202080,0.0,45,0,0,0,0,0,0,0,0,0,0,0,0,0,0,0,0,0,0,0,0,0,0,0,0,0,0,0
3670,1,0,0,905658,0.0,905658,0.0,0,0,905658,0.0,905658,0.0,45,0,0,0,0,0,0,0,0,0,0,0,0,0,0,0,0,0,0,0,0,0,0,0,0,0,0,0
3671,1,0,0,1427470,0.0,1427470,0.0,0,0,1427470,0.0,1427470,0.0,84,0,0,0,0,0,0,0,0,0,0,0,0,0,0,0,0,0,0,0,0,0,0,0,0,0,0,0
3672,1,0,0,2349520,0.0,2349520,0.0,0,0,2349520,0.0,2349520,0.0,126,0,0,0,0,0,0,0,0,0,0,0,0,0,0,0,0,0,0,0,0,0,0,0,0,0,0,0
3676,3,0,102277,2257998,4.5295434000000006,2257998,4.5295434000000006,0,102277,2257998,4.5295434000000006,2257998,4.5295434000000006,324,0,0,0,0,0,0,0,0,0,0,0,0,0,0,0,0,0,0,0,0,0,0,0,0,0,0,0
3702,1,0,35030,8562088,0.40912917,8562088,0.40912917,0,35030,8562088,0.40912917,8562088,0.40912917,622,0,0,0,0,0,0,0,0,0,0,0,0,0,0,0,0,0,0,0,0,0,0,0,0,0,0,0
3717,2,912488,1766714,6350534,27.819927000000003,6350534,27.819927000000003,0,1766714,6350534,27.819927000000003,6350534,27.819927000000003,363,1,0,0,0,0,0,1,0,0,0,0,0,0,0,0,0,0,0,1,0,0,0,0,0,1,0,0
3804,1,0,269127,11356924,2.3697174,11356924,2.3697174,0,269127,11356924,2.3697174,11356924,2.3697174,1065,0,0,0,0,0,0,0,0,0,0,0,0,0,0,0,0,0,0,0,0,0,0,0,0,0,0,0
3856,2,109280,374587,2629550,14.245289000000001,2629550,14.245289000000001,0,374587,2629550,14.245289000000001,2629550,14.245289000000001,245,0,0,0,0,0,0,0,0,0,0,0,0,0,0,0,0,0,0,0,0,0,0,0,0,0,0,0
3915,2,0,376847,3685468,10.225214,3685468,10.225214,0,376847,3685468,10.225214,3685468,10.225214,921,0,0,0,0,0,0,0,0,0,0,0,0,0,0,0,0,0,0,0,0,0,0,0,0,0,0,0
3984,1,1366,2318,1658324,0.13977969,1658324,0.13977969,0,2318,1658324,0.13977969,1658324,0.13977969,519,0,0,0,0,0,0,0,0,0,0,0,0,0,0,0,0,0,0,0,0,0,0,0,0,0,0,0
4027,2,270468,837326,7172866,11.673521000000001,7172866,11.673521000000001,0,764024,7172866,10.651587,7172866,10.651587,860,29,29,0,0,0,0,0,0,0,0,0,0,0,0,0,0,0,0,29,29,0,0,0,0,0,0,0
4041,1,0,706056,13870364,5.0903926,13870364,5.0903926,0,706056,13870364,5.0903926,13870364,5.0903926,1411,0,0,0,0,0,0,0,0,0,0,0,0,0,0,0,0,0,0,0,0,0,0,0,0,0,0,0
4085,2,896096,6305689,14560194,43.307728000000004,14560194,43.307728000000004,0,5959784,14560194,40.932034,14560194,40.932034,1474,30,7,13,0,3,0,1,4,2,0,0,0,0,0,0,0,0,0,14,7,0,0,0,0,1,4,2
4086,4,16696618,19439823,20589718,94.4152,20589718,94.4152,0,19083456,20589718,92.684395,20589718,92.684395,1536,48,0,48,0,0,0,0,0,0,0,0,0,0,0,0,0,0,0,0,0,0,0,0,0,0,0,0
4121,2,483564,4113464,12008506,34.254585,12008506,34.254585,0,2418279,12008506,20.13805,12008506,20.13805,2381,90,84,6,0,0,0,0,0,0,0,0,0,0,0,0,0,0,0,90,84,6,0,0,0,0,0,0
4122,2,255442,3308539,10068786,32.859364,10068786,32.859364,0,1185935,10068786,11.778332,10068786,11.778332,2306,119,112,7,0,0,0,0,0,0,0,0,0,0,0,0,0,0,0,119,112,7,0,0,0,0,0,0
4140,1,0,5775,1301798,0.44361722,1301798,0.44361722,0,5775,1301798,0.44361722,1301798,0.44361722,219,0,0,0,0,0,0,0,0,0,0,0,0,0,0,0,0,0,0,0,0,0,0,0,0,0,0,0
4152,1,121574,390637,1840002,21.23025,1961576,19.914445999999998,0,185432,1840002,10.077815,1840002,10.077815,723,11,0,0,0,0,11,0,0,0,0,0,0,0,0,0,0,0,0,11,0,0,0,0,11,0,0,0
4155,1,5464,97416,3244250,3.002728,3244250,3.002728,0,5753,3244250,0.17732912,3244250,0.17732912,667,6,6,0,0,0,0,0,0,0,6,6,0,0,0,0,0,0,0,0,0,0,0,0,0,0,0,0
4179,2,538204,1492992,3656782,40.82803,3656782,40.82803,0,1492992,3656782,40.82803,3656782,40.82803,541,0,0,0,0,0,0,0,0,0,0,0,0,0,0,0,0,0,0,0,0,0,0,0,0,0,0,0
4180,2,1364634,2188123,3656782,59.837394999999994,3656782,59.837394999999994,0,2188123,3656782,59.837394999999994,3656782,59.837394999999994,435,0,0,0,0,0,0,0,0,0,0,0,0,0,0,0,0,0,0,0,0,0,0,0,0,0,0,0
4227,5,822332,2485719,5088350,48.85118,5088350,48.85118,0,2067343,5088350,40.62895,5088350,40.62895,2323,82,81,0,0,0,0,0,0,1,3,3,0,0,0,0,0,0,0,78,78,0,0,0,0,0,0,0
4229,1,0,10326,3200538,0.32263327,3200538,0.32263327,0,10326,3200538,0.32263327,3200538,0.32263327,666,0,0,0,0,0,0,0,0,0,0,0,0,0,0,0,0,0,0,0,0,0,0,0,0,0,0,0
4412,2,0,238912,4102098,5.8241415000000005,4102098,5.8241415000000005,0,238912,4102098,5.8241415000000005,4102098,5.8241415000000005,856,0,0,0,0,0,0,0,0,0,0,0,0,0,0,0,0,0,0,0,0,0,0,0,0,0,0,0
4497,1,0,828147,22380544,3.700299,22380544,3.700299,0,175252,22380544,0.7830550999999999,22380544,0.7830550999999999,2266,421,0,0,0,0,0,0,421,0,412,0,0,0,0,0,0,412,0,9,0,0,0,0,0,0,9,0
4499,1,0,925803,22380544,4.136642500000001,22380544,4.136642500000001,0,219533,22380544,0.9809100000000001,22380544,0.9809100000000001,4058,445,0,0,0,0,0,0,445,0,435,0,0,0,0,0,0,435,0,10,0,0,0,0,0,0,10,0
4501,1,0,24,4315194,0.0005561743,4315194,0.0005561743,0,24,4315194,0.0005561743,4315194,0.0005561743,1824,0,0,0,0,0,0,0,0,0,0,0,0,0,0,0,0,0,0,0,0,0,0,0,0,0,0,0
4688,1,8196,222659,1859126,11.9765415,1859126,11.9765415,0,202237,1859126,10.878069,1859126,10.878069,464,39,39,0,0,0,0,0,0,0,4,4,0,0,0,0,0,0,0,35,35,0,0,0,0,0,0,0
4717,2,0,403552,3125408,12.911978,3125408,12.911978,0,403552,3125408,12.911978,3125408,12.911978,1192,0,0,0,0,0,0,0,0,0,0,0,0,0,0,0,0,0,0,0,0,0,0,0,0,0,0,0
4718,1,162554,2067556,3726448,55.483290000000004,3889002,53.16418,0,1223663,3726448,32.83725,3726448,32.83725,1518,102,0,0,0,0,98,3,0,1,0,0,0,0,0,0,0,0,0,102,0,0,0,0,98,3,0,1
4721,2,0,425461,3734644,11.392278,3734644,11.392278,0,425461,3734644,11.392278,3734644,11.392278,1642,0,0,0,0,0,0,0,0,0,0,0,0,0,0,0,0,0,0,0,0,0,0,0,0,0,0,0
4723,2,0,425374,3794748,11.209545,3794748,11.209545,0,425374,3794748,11.209545,3794748,11.209545,1648,0,0,0,0,0,0,0,0,0,0,0,0,0,0,0,0,0,0,0,0,0,0,0,0,0,0,0
4724,2,771790,3550057,4730458,75.04679,4730458,75.04679,0,2642241,4730458,55.855923,4730458,55.855923,1382,161,161,0,0,0,0,0,0,0,0,0,0,0,0,0,0,0,0,161,161,0,0,0,0,0,0,0
4725,2,770424,3459076,4656694,74.28179,4656694,74.28179,0,2415235,4656694,51.865875,4656694,51.865875,1406,172,172,0,0,0,0,0,0,0,0,0,0,0,0,0,0,0,0,172,172,0,0,0,0,0,0,0
4726,2,769058,3336575,4707236,70.88183000000001,4707236,70.88183000000001,0,2201104,4707236,46.76001,4707236,46.76001,1579,166,166,0,0,0,0,0,0,0,0,0,0,0,0,0,0,0,0,166,166,0,0,0,0,0,0,0
4801,2,0,131590,1633736,8.054544,1633736,8.054544,0,131590,1633736,8.054544,1633736,8.054544,323,0,0,0,0,0,0,0,0,0,0,0,0,0,0,0,0,0,0,0,0,0,0,0,0,0,0,0
4855,2,1150172,4923726,15378428,32.017097,15378428,32.017097,0,4503290,15378428,29.283161,15378428,29.283161,782,87,86,0,0,0,0,0,0,1,0,0,0,0,0,0,0,0,0,86,86,0,0,0,0,0,0,0
4948,2,1226668,2365552,4689478,50.443825,4689478,50.443825,0,2301940,4689478,49.087340000000005,4689478,49.087340000000005,665,7,7,0,0,0,0,0,0,0,0,0,0,0,0,0,0,0,0,7,7,0,0,0,0,0,0,0
4949,2,1568168,2574366,5914780,43.524291999999996,5914780,43.524291999999996,0,2574366,5914780,43.524291999999996,5914780,43.524291999999996,682,5,5,0,0,0,0,0,0,0,0,0,0,0,0,0,0,0,0,5,5,0,0,0,0,0,0,0
4952,1,0,88516,3598044,2.4601145,3598044,2.4601145,0,88516,3598044,2.4601145,3598044,2.4601145,1403,0,0,0,0,0,0,0,0,0,0,0,0,0,0,0,0,0,0,0,0,0,0,0,0,0,0,0
4977,2,2049000,3989917,7093638,56.246414,7093638,56.246414,0,3988510,7093638,56.226580000000006,7093638,56.226580000000006,1831,1,0,1,0,0,0,0,0,0,0,0,0,0,0,0,0,0,0,1,0,1,0,0,0,0,0,0
4981,1,51908,133922,4249626,3.1513832,4301534,3.1133544,0,82014,4249626,1.9299110000000002,4249626,1.9299110000000002,2491,0,0,0,0,0,0,0,0,0,0,0,0,0,0,0,0,0,0,0,0,0,0,0,0,0,0,0
4992,2,0,259584,2206090,11.766701,2206090,11.766701,0,259584,2206090,11.766701,2206090,11.766701,141,0,0,0,0,0,0,0,0,0,0,0,0,0,0,0,0,0,0,0,0,0,0,0,0,0,0,0
5063,5,0,12763,1524456,0.8372166999999999,1524456,0.8372166999999999,0,12763,1524456,0.8372166999999999,1524456,0.8372166999999999,89,0,0,0,0,0,0,0,0,0,0,0,0,0,0,0,0,0,0,0,0,0,0,0,0,0,0,0
5127,1,0,58371,2723804,2.1429956000000003,2723804,2.1429956000000003,0,58371,2723804,2.1429956000000003,2723804,2.1429956000000003,878,0,0,0,0,0,0,0,0,0,0,0,0,0,0,0,0,0,0,0,0,0,0,0,0,0,0,0
5150,1,0,48955,6813608,0.71848863,6813608,0.71848863,0,48955,6813608,0.71848863,6813608,0.71848863,1513,0,0,0,0,0,0,0,0,0,0,0,0,0,0,0,0,0,0,0,0,0,0,0,0,0,0,0
5166,5,274566,896982,3245616,27.636726,3245616,27.636726,0,896982,3245616,27.636726,3245616,27.636726,812,0,0,0,0,0,0,0,0,0,0,0,0,0,0,0,0,0,0,0,0,0,0,0,0,0,0,0
5240,1,0,0,3428660,0.0,3428660,0.0,0,0,3428660,0.0,3428660,0.0,925,0,0,0,0,0,0,0,0,0,0,0,0,0,0,0,0,0,0,0,0,0,0,0,0,0,0,0
5241,1,0,0,3428660,0.0,3428660,0.0,0,0,3428660,0.0,3428660,0.0,900,0,0,0,0,0,0,0,0,0,0,0,0,0,0,0,0,0,0,0,0,0,0,0,0,0,0,0
5242,1,0,0,3428660,0.0,3428660,0.0,0,0,3428660,0.0,3428660,0.0,900,0,0,0,0,0,0,0,0,0,0,0,0,0,0,0,0,0,0,0,0,0,0,0,0,0,0,0
5243,1,0,0,3428660,0.0,3428660,0.0,0,0,3428660,0.0,3428660,0.0,927,0,0,0,0,0,0,0,0,0,0,0,0,0,0,0,0,0,0,0,0,0,0,0,0,0,0,0
5244,1,0,96,2264828,0.0042387326000000005,2264828,0.0042387326000000005,0,96,2264828,0.0042387326000000005,2264828,0.0042387326000000005,1764,0,0,0,0,0,0,0,0,0,0,0,0,0,0,0,0,0,0,0,0,0,0,0,0,0,0,0
5315,2,0,191049,2383670,8.01491,2383670,8.01491,0,191049,2383670,8.01491,2383670,8.01491,1024,0,0,0,0,0,0,0,0,0,0,0,0,0,0,0,0,0,0,0,0,0,0,0,0,0,0,0
5316,1,8196,67382,3350798,2.0109239,3350798,2.0109239,0,59576,3350798,1.7779646,3350798,1.7779646,2217,10,10,0,0,0,0,0,0,0,2,2,0,0,0,0,0,0,0,8,8,0,0,0,0,0,0,0
5326,1,0,5278,1763506,0.29929015,1763506,0.29929015,0,4876,1763506,0.27649465,1763506,0.27649465,328,4,0,0,4,0,0,0,0,0,4,0,0,4,0,0,0,0,0,0,0,0,0,0,0,0,0,0
5333,1,0,0,905658,0.0,905658,0.0,0,0,905658,0.0,905658,0.0,3,0,0,0,0,0,0,0,0,0,0,0,0,0,0,0,0,0,0,0,0,0,0,0,0,0,0,0
5376,4,73764,1466923,6301358,23.279474,6375122,23.010117,0,659712,6301358,10.469362,6301358,10.469362,1678,77,0,0,0,0,76,0,1,0,1,0,0,0,0,0,0,1,0,76,0,0,0,0,76,0,0,0
5475,1,0,0,905658,0.0,905658,0.0,0,0,905658,0.0,905658,0.0,123,0,0,0,0,0,0,0,0,0,0,0,0,0,0,0,0,0,0,0,0,0,0,0,0,0,0,0
5476,1,0,0,905658,0.0,905658,0.0,0,0,905658,0.0,905658,0.0,123,0,0,0,0,0,0,0,0,0,0,0,0,0,0,0,0,0,0,0,0,0,0,0,0,0,0,0
5477,1,0,0,905658,0.0,905658,0.0,0,0,905658,0.0,905658,0.0,125,0,0,0,0,0,0,0,0,0,0,0,0,0,0,0,0,0,0,0,0,0,0,0,0,0,0,0
5478,1,0,0,905658,0.0,905658,0.0,0,0,905658,0.0,905658,0.0,123,0,0,0,0,0,0,0,0,0,0,0,0,0,0,0,0,0,0,0,0,0,0,0,0,0,0,0
5479,1,0,0,905658,0.0,905658,0.0,0,0,905658,0.0,905658,0.0,123,0,0,0,0,0,0,0,0,0,0,0,0,0,0,0,0,0,0,0,0,0,0,0,0,0,0,0
5497,2,0,338514,5117036,6.615431299999999,5117036,6.615431299999999,0,338514,5117036,6.615431299999999,5117036,6.615431299999999,1150,0,0,0,0,0,0,0,0,0,0,0,0,0,0,0,0,0,0,0,0,0,0,0,0,0,0,0
5507,1,0,17320,1939720,0.8929123999999999,1939720,0.8929123999999999,0,17320,1939720,0.8929123999999999,1939720,0.8929123999999999,563,0,0,0,0,0,0,0,0,0,0,0,0,0,0,0,0,0,0,0,0,0,0,0,0,0,0,0
5519,1,0,0,2772980,0.0,2772980,0.0,0,0,2772980,0.0,2772980,0.0,674,0,0,0,0,0,0,0,0,0,0,0,0,0,0,0,0,0,0,0,0,0,0,0,0,0,0,0
5636,1,1366,149445,5517274,2.7086747000000004,5518640,2.7080042,0,148658,5517274,2.6944103,5517274,2.6944103,1197,7,0,0,7,0,0,0,0,0,5,0,0,5,0,0,0,0,0,2,0,0,2,0,0,0,0,0
5642,2,0,258476,2460166,10.506446,2460166,10.506446,0,261216,2460166,10.61782,2460166,10.61782,686,0,0,0,0,0,0,0,0,0,0,0,0,0,0,0,0,0,0,0,0,0,0,0,0,0,0,0
5650,1,0,20366,3980524,0.5116412,3980524,0.5116412,0,20366,3980524,0.5116412,3980524,0.5116412,2352,0,0,0,0,0,0,0,0,0,0,0,0,0,0,0,0,0,0,0,0,0,0,0,0,0,0,0
5655,2,0,177820,1240328,14.336530999999999,1240328,14.336530999999999,0,177820,1240328,14.336530999999999,1240328,14.336530999999999,311,0,0,0,0,0,0,0,0,0,0,0,0,0,0,0,0,0,0,0,0,0,0,0,0,0,0,0
5656,1,0,351,1357804,0.025850564,1357804,0.025850564,0,351,1357804,0.025850564,1357804,0.025850564,260,0,0,0,0,0,0,0,0,0,0,0,0,0,0,0,0,0,0,0,0,0,0,0,0,0,0,0
5709,1,0,40160,4011942,1.0010115,4011942,1.0010115,0,35073,4011942,0.874215,4011942,0.874215,945,1,0,0,0,0,1,0,0,0,1,0,0,0,0,1,0,0,0,0,0,0,0,0,0,0,0,0
5718,2,442584,1128437,4419010,25.535967000000003,4419010,25.535967000000003,0,1092809,4419010,24.729723,4419010,24.729723,1843,5,2,0,1,0,0,1,0,1,1,0,0,1,0,0,0,0,0,4,2,0,0,0,0,1,0,1
5809,1,0,245760,22380544,1.0980966,22380544,1.0980966,0,245760,22380544,1.0980966,22380544,1.0980966,2110,0,0,0,0,0,0,0,0,0,0,0,0,0,0,0,0,0,0,0,0,0,0,0,0,0,0,0
5818,2,0,4233457,22380544,18.915789999999998,22380544,18.915789999999998,0,4190213,22380544,18.72257,22380544,18.72257,2703,27,25,0,1,0,0,0,0,1,26,25,0,1,0,0,0,0,0,0,0,0,0,0,0,0,0,0
5825,1,0,1410,2428748,0.058054604,2428748,0.058054604,0,1410,2428748,0.058054604,2428748,0.058054604,731,0,0,0,0,0,0,0,0,0,0,0,0,0,0,0,0,0,0,0,0,0,0,0,0,0,0,0
5898,3,1125584,4864607,10331058,47.08721,10331058,47.08721,0,2958061,10331058,28.632702000000002,10331058,28.632702000000002,6385,109,109,0,0,0,0,0,0,0,0,0,0,0,0,0,0,0,0,109,109,0,0,0,0,0,0,0
5899,2,1125584,4300236,7793030,55.180542,7793030,55.180542,0,2851919,7793030,36.595768,7793030,36.595768,2105,83,83,0,0,0,0,0,0,0,0,0,0,0,0,0,0,0,0,83,83,0,0,0,0,0,0,0
5900,2,907024,3227325,15840136,20.374352,15840136,20.374352,0,2700933,15840136,17.051199,15840136,17.051199,2167,62,41,0,0,0,20,0,1,0,0,0,0,0,0,0,0,0,0,62,41,0,0,0,20,0,1,0
5901,2,1461620,4872026,8404998,57.965819999999994,8404998,57.965819999999994,0,4333814,8404998,51.562344,8404998,51.562344,2022,38,36,0,0,0,0,0,0,2,0,0,0,0,0,0,0,0,0,37,36,0,0,0,0,0,0,1
5902,3,1125584,3546944,4775536,74.27322,4775536,74.27322,0,3311227,4775536,69.33728,4775536,69.33728,2109,8,7,0,0,0,1,0,0,0,0,0,0,0,0,0,0,0,0,8,7,0,0,0,1,0,0,0
5905,2,907024,2702042,6868248,39.341064,6868248,39.341064,0,2561708,6868248,37.297836,6868248,37.297836,3484,14,0,0,0,0,14,0,0,0,0,0,0,0,0,0,0,0,0,14,0,0,0,0,14,0,0,0
5906,2,907024,2197690,4114392,53.414696,4114392,53.414696,0,2094481,4114392,50.906208,4114392,50.906208,1878,13,0,0,0,0,13,0,0,0,0,0,0,0,0,0,0,0,0,13,0,0,0,0,13,0,0,0
5939,1,636556,3613936,11903324,30.36073,11903324,30.36073,0,3607416,11903324,30.305953999999996,11903324,30.305953999999996,2973,13,11,0,1,0,1,0,0,0,2,0,0,1,0,1,0,0,0,11,11,0,0,0,0,0,0,0
6169,1,609236,1434852,8073060,17.773335,8073060,17.773335,0,1434852,8073060,17.773335,8073060,17.773335,546,0,0,0,0,0,0,0,0,0,0,0,0,0,0,0,0,0,0,0,0,0,0,0,0,0,0,0
6253,2,0,291798,5912048,4.93565,5912048,4.93565,0,311333,5912048,5.266077,5912048,5.266077,2086,5,5,0,0,0,0,0,0,0,5,5,0,0,0,0,0,0,0,0,0,0,0,0,0,0,0,0
6264,1,0,121018,2895920,4.1789136,2895920,4.1789136,0,121018,2895920,4.1789136,2895920,4.1789136,1513,0,0,0,0,0,0,0,0,0,0,0,0,0,0,0,0,0,0,0,0,0,0,0,0,0,0,0
6265,1,0,56420,2895920,1.9482582999999998,2895920,1.9482582999999998,0,51845,2895920,1.7902773999999997,2895920,1.7902773999999997,1388,2,0,0,0,0,0,0,2,0,0,0,0,0,0,0,0,0,0,2,0,0,0,0,0,0,2,0
6266,1,0,80680,2853574,2.8273314999999997,2853574,2.8273314999999997,0,80813,2853574,2.8319924,2853574,2.8319924,1160,1,0,0,0,0,0,0,1,0,0,0,0,0,0,0,0,0,0,1,0,0,0,0,0,0,1,0
6267,1,0,24257,2895920,0.83762676,2895920,0.83762676,0,29206,2895920,1.0085224,2895920,1.0085224,1155,1,0,0,0,0,0,0,1,0,0,0,0,0,0,0,0,0,0,1,0,0,0,0,0,0,1,0
6268,1,0,24042,2912312,0.8255296999999998,2912312,0.8255296999999998,0,24042,2912312,0.8255296999999998,2912312,0.8255296999999998,832,0,0,0,0,0,0,0,0,0,0,0,0,0,0,0,0,0,0,0,0,0,0,0,0,0,0,0
6270,2,229488,2099152,5429850,38.659485,5429850,38.659485,0,1780121,5429850,32.78398,5429850,32.78398,1126,3,3,0,0,0,0,0,0,0,0,0,0,0,0,0,0,0,0,3,3,0,0,0,0,0,0,0
6307,1,0,0,905658,0.0,905658,0.0,0,0,905658,0.0,905658,0.0,29,0,0,0,0,0,0,0,0,0,0,0,0,0,0,0,0,0,0,0,0,0,0,0,0,0,0,0
6328,2,505420,2077007,4894378,42.43659,5399798,38.464529999999996,0,1008005,4894378,20.59516,4894378,20.59516,935,8,4,0,0,0,4,0,0,0,1,1,0,0,0,0,0,0,0,7,3,0,0,0,4,0,0,0
6338,2,0,99067,2471094,4.009034,2471094,4.009034,0,99067,2471094,4.009034,2471094,4.009034,344,0,0,0,0,0,0,0,0,0,0,0,0,0,0,0,0,0,0,0,0,0,0,0,0,0,0,0
6348,2,684366,3303715,8955496,36.89036,8955496,36.89036,0,3267518,8955496,36.486176,8955496,36.486176,1717,2,0,0,0,0,2,0,0,0,2,0,0,0,0,2,0,0,0,0,0,0,0,0,0,0,0,0
6370,1,0,172945,7469288,2.3154150000000002,7469288,2.3154150000000002,0,172945,7469288,2.3154150000000002,7469288,2.3154150000000002,731,0,0,0,0,0,0,0,0,0,0,0,0,0,0,0,0,0,0,0,0,0,0,0,0,0,0,0
6456,1,0,0,905658,0.0,905658,0.0,0,0,905658,0.0,905658,0.0,3,0,0,0,0,0,0,0,0,0,0,0,0,0,0,0,0,0,0,0,0,0,0,0,0,0,0,0
6465,1,17758,447932,3136336,14.282016,3154094,14.201606,0,385490,3136336,12.291094000000001,3136336,12.291094000000001,848,26,26,0,0,0,0,0,0,0,26,26,0,0,0,0,0,0,0,0,0,0,0,0,0,0,0,0
6644,1,28686,44260,6213934,0.7122702,6213934,0.7122702,0,33460,6213934,0.5384671999999999,6213934,0.5384671999999999,927,3,3,0,0,0,0,0,0,0,0,0,0,0,0,0,0,0,0,3,3,0,0,0,0,0,0,0
6660,1,0,4847,1707500,0.2838653,1707500,0.2838653,0,4847,1707500,0.2838653,1707500,0.2838653,1202,0,0,0,0,0,0,0,0,0,0,0,0,0,0,0,0,0,0,0,0,0,0,0,0,0,0,0
6679,2,0,326311,3419098,9.543775,3419098,9.543775,0,326311,3419098,9.543775,3419098,9.543775,318,0,0,0,0,0,0,0,0,0,0,0,0,0,0,0,0,0,0,0,0,0,0,0,0,0,0,0
6734,1,0,0,1215740,0.0,1215740,0.0,0,0,1215740,0.0,1215740,0.0,256,0,0,0,0,0,0,0,0,0,0,0,0,0,0,0,0,0,0,0,0,0,0,0,0,0,0,0
6735,1,0,0,1236230,0.0,1236230,0.0,0,0,1236230,0.0,1236230,0.0,204,0,0,0,0,0,0,0,0,0,0,0,0,0,0,0,0,0,0,0,0,0,0,0,0,0,0,0
6736,1,0,0,1894642,0.0,1894642,0.0,0,0,1894642,0.0,1894642,0.0,239,0,0,0,0,0,0,0,0,0,0,0,0,0,0,0,0,0,0,0,0,0,0,0,0,0,0,0
6753,1,0,4384,22380544,0.019588443,22380544,0.019588443,0,4384,22380544,0.019588443,22380544,0.019588443,1752,0,0,0,0,0,0,0,0,0,0,0,0,0,0,0,0,0,0,0,0,0,0,0,0,0,0,0
6818,2,1366,97303,2002556,4.8589400000000005,2002556,4.8589400000000005,0,99842,2002556,4.9857283,2002556,4.9857283,333,0,0,0,0,0,0,0,0,0,0,0,0,0,0,0,0,0,0,0,0,0,0,0,0,0,0,0
6843,1,0,6870,4992730,0.13760006,4992730,0.13760006,0,6870,4992730,0.13760006,4992730,0.13760006,680,0,0,0,0,0,0,0,0,0,0,0,0,0,0,0,0,0,0,0,0,0,0,0,0,0,0,0
6865,2,0,264011,2916410,9.052603,2916410,9.052603,0,257169,2916410,8.817999,2916410,8.817999,1136,1,0,0,0,0,0,0,1,0,0,0,0,0,0,0,0,0,0,1,0,0,0,0,0,0,1,0
6866,2,0,340809,4643034,7.340222,4643034,7.340222,0,340809,4643034,7.340222,4643034,7.340222,1594,1,0,0,0,0,0,1,0,0,0,0,0,0,0,0,0,0,0,1,0,0,0,0,0,1,0,0
6878,5,21474886,22227078,22380544,99.314285,22380544,99.314285,0,22227078,22380544,99.314285,22380544,99.314285,4,0,0,0,0,0,0,0,0,0,0,0,0,0,0,0,0,0,0,0,0,0,0,0,0,0,0,0
6879,5,1278576,2091088,2184234,95.73553000000001,2184234,95.73553000000001,0,2091088,2184234,95.73553000000001,2184234,95.73553000000001,4,0,0,0,0,0,0,0,0,0,0,0,0,0,0,0,0,0,0,0,0,0,0,0,0,0,0,0
6882,1,0,0,905658,0.0,905658,0.0,0,0,905658,0.0,905658,0.0,4,0,0,0,0,0,0,0,0,0,0,0,0,0,0,0,0,0,0,0,0,0,0,0,0,0,0,0
6885,1,0,22645,7347714,0.30819109999999994,7347714,0.30819109999999994,0,22645,7347714,0.30819109999999994,7347714,0.30819109999999994,1722,0,0,0,0,0,0,0,0,0,0,0,0,0,0,0,0,0,0,0,0,0,0,0,0,0,0,0
6897,1,0,0,905658,0.0,905658,0.0,0,0,905658,0.0,905658,0.0,75,0,0,0,0,0,0,0,0,0,0,0,0,0,0,0,0,0,0,0,0,0,0,0,0,0,0,0
7000,2,0,12771,3337138,0.3826932,3337138,0.3826932,0,12771,3337138,0.3826932,3337138,0.3826932,1134,0,0,0,0,0,0,0,0,0,0,0,0,0,0,0,0,0,0,0,0,0,0,0,0,0,0,0
7040,1,0,58840,7484314,0.7861776,7484314,0.7861776,0,58840,7484314,0.7861776,7484314,0.7861776,1911,1,0,0,0,0,0,0,1,0,0,0,0,0,0,0,0,0,0,1,0,0,0,0,0,0,1,0
7045,2,90156,1456459,5388870,27.02717,5388870,27.02717,0,1229085,5388870,22.807842,5388870,22.807842,2292,205,58,0,0,1,145,0,0,1,68,0,0,0,0,68,0,0,0,136,58,0,0,0,77,0,0,1
7047,2,0,169941,2354984,7.2162275,2354984,7.2162275,0,169941,2354984,7.2162275,2354984,7.2162275,534,1,0,0,0,0,0,0,1,0,0,0,0,0,0,0,0,0,0,1,0,0,0,0,0,0,1,0
7053,2,1655592,1959255,3371288,58.115919999999996,3371288,58.115919999999996,0,1954574,3371288,57.977074,3371288,57.977074,283,0,0,0,0,0,0,0,0,0,0,0,0,0,0,0,0,0,0,0,0,0,0,0,0,0,0,0
7054,2,254076,605775,2091346,28.965796,2091346,28.965796,0,605775,2091346,28.965796,2091346,28.965796,330,0,0,0,0,0,0,0,0,0,0,0,0,0,0,0,0,0,0,0,0,0,0,0,0,0,0,0
7055,1,1029964,1285297,2528466,50.833073,2528466,50.833073,0,1286555,2528466,50.882828,2528466,50.882828,249,2,0,1,0,0,1,0,0,0,0,0,0,0,0,0,0,0,0,2,0,1,0,0,1,0,0,0
7056,2,1279942,1557087,2751124,56.598213,2751124,56.598213,0,1554776,2751124,56.51421,2751124,56.51421,204,1,0,0,0,0,1,0,0,0,0,0,0,0,0,0,0,0,0,1,0,0,0,0,1,0,0,0
7057,3,1029964,1231775,2356350,52.274708000000004,2356350,52.274708000000004,0,1228870,2356350,52.15142,2356350,52.15142,222,0,0,0,0,0,0,0,0,0,0,0,0,0,0,0,0,0,0,0,0,0,0,0,0,0,0,0
7058,2,1029964,1275605,2454702,51.96578,2454702,51.96578,0,1270270,2454702,51.74844,2454702,51.74844,225,0,0,0,0,0,0,0,0,0,0,0,0,0,0,0,0,0,0,0,0,0,0,0,0,0,0,0
7059,2,13660,103065,1473914,6.992605999999999,1473914,6.992605999999999,0,103065,1473914,6.992605999999999,1473914,6.992605999999999,256,0,0,0,0,0,0,0,0,0,0,0,0,0,0,0,0,0,0,0,0,0,0,0,0,0,0,0
7060,2,1029964,1339555,2673262,50.109383,2673262,50.109383,0,1332632,2673262,49.850407000000004,2673262,49.850407000000004,283,2,0,0,0,1,0,0,0,1,0,0,0,0,0,0,0,0,0,0,0,0,0,0,0,0,0,0
7061,2,835992,1040480,2236142,46.53014,2236142,46.53014,0,1040918,2236142,46.54973,2236142,46.54973,234,1,0,0,0,0,0,0,1,0,0,0,0,0,0,0,0,0,0,1,0,0,0,0,0,0,1,0
7062,2,1244426,1531545,2691020,56.913177000000005,2691020,56.913177000000005,0,1527838,2691020,56.775425,2691020,56.775425,252,1,0,0,0,0,1,0,0,0,0,0,0,0,0,0,0,0,0,1,0,0,0,0,1,0,0,0
7085,2,801842,2010417,4074778,49.338074,4074778,49.338074,0,1963242,4074778,48.18034,4074778,48.18034,1112,12,11,0,0,0,1,0,0,0,0,0,0,0,0,0,0,0,0,12,11,0,0,0,1,0,0,0
7101,1,0,6055,905658,0.6685747,905658,0.6685747,0,6055,905658,0.6685747,905658,0.6685747,216,0,0,0,0,0,0,0,0,0,0,0,0,0,0,0,0,0,0,0,0,0,0,0,0,0,0,0
7102,1,0,6055,905658,0.6685747,905658,0.6685747,0,6055,905658,0.6685747,905658,0.6685747,216,0,0,0,0,0,0,0,0,0,0,0,0,0,0,0,0,0,0,0,0,0,0,0,0,0,0,0
7103,1,0,6055,905658,0.6685747,905658,0.6685747,0,6055,905658,0.6685747,905658,0.6685747,216,0,0,0,0,0,0,0,0,0,0,0,0,0,0,0,0,0,0,0,0,0,0,0,0,0,0,0
7104,1,0,6055,905658,0.6685747,905658,0.6685747,0,6055,905658,0.6685747,905658,0.6685747,216,0,0,0,0,0,0,0,0,0,0,0,0,0,0,0,0,0,0,0,0,0,0,0,0,0,0,0
7105,1,0,6055,905658,0.6685747,905658,0.6685747,0,6055,905658,0.6685747,905658,0.6685747,216,0,0,0,0,0,0,0,0,0,0,0,0,0,0,0,0,0,0,0,0,0,0,0,0,0,0,0
7118,1,0,34859,1797656,1.9391363000000001,1797656,1.9391363000000001,0,37768,1797656,2.1009580000000003,1797656,2.1009580000000003,2482,1,0,0,0,0,0,0,1,0,1,0,0,0,0,0,0,1,0,0,0,0,0,0,0,0,0,0
7162,2,218560,1224721,3246982,37.718746,3465542,35.339954,0,1005824,3246982,30.977196000000003,3246982,30.977196000000003,1458,1,0,0,0,0,1,0,0,0,0,0,0,0,0,0,0,0,0,1,0,0,0,0,1,0,0,0
7265,1,0,0,3162290,0.0,3162290,0.0,0,0,3162290,0.0,3162290,0.0,1041,0,0,0,0,0,0,0,0,0,0,0,0,0,0,0,0,0,0,0,0,0,0,0,0,0,0,0
7274,1,0,36868,1794924,2.0540144000000002,1794924,2.0540144000000002,0,36868,1794924,2.0540144000000002,1794924,2.0540144000000002,591,0,0,0,0,0,0,0,0,0,0,0,0,0,0,0,0,0,0,0,0,0,0,0,0,0,0,0
7407,1,0,88244,3811140,2.3154228,3811140,2.3154228,0,88244,3811140,2.3154228,3811140,2.3154228,840,0,0,0,0,0,0,0,0,0,0,0,0,0,0,0,0,0,0,0,0,0,0,0,0,0,0,0
7413,1,0,6270,1468450,0.42698082,1468450,0.42698082,0,6270,1468450,0.42698082,1468450,0.42698082,255,0,0,0,0,0,0,0,0,0,0,0,0,0,0,0,0,0,0,0,0,0,0,0,0,0,0,0
7418,1,0,15781,4057020,0.3889801,4057020,0.3889801,0,15781,4057020,0.3889801,4057020,0.3889801,705,0,0,0,0,0,0,0,0,0,0,0,0,0,0,0,0,0,0,0,0,0,0,0,0,0,0,0
7419,1,0,9570,2525734,0.37889975,2525734,0.37889975,0,9570,2525734,0.37889975,2525734,0.37889975,374,0,0,0,0,0,0,0,0,0,0,0,0,0,0,0,0,0,0,0,0,0,0,0,0,0,0,0
7421,3,146162,822602,4873888,16.877737,4873888,16.877737,0,97359,4873888,1.9975633999999998,4873888,1.9975633999999998,480,43,43,0,0,0,0,0,0,0,0,0,0,0,0,0,0,0,0,43,43,0,0,0,0,0,0,0
7422,1,146162,480472,3822068,12.570995,3822068,12.570995,0,92920,3822068,2.4311447,3822068,2.4311447,840,34,34,0,0,0,0,0,0,0,0,0,0,0,0,0,0,0,0,34,34,0,0,0,0,0,0,0
7451,1,0,67003,1499868,4.46726,1499868,4.46726,0,67003,1499868,4.46726,1499868,4.46726,672,0,0,0,0,0,0,0,0,0,0,0,0,0,0,0,0,0,0,0,0,0,0,0,0,0,0,0
7454,1,0,0,1423372,0.0,1423372,0.0,0,0,1423372,0.0,1423372,0.0,534,0,0,0,0,0,0,0,0,0,0,0,0,0,0,0,0,0,0,0,0,0,0,0,0,0,0,0
7455,1,0,0,3190976,0.0,3190976,0.0,0,0,3190976,0.0,3190976,0.0,1385,0,0,0,0,0,0,0,0,0,0,0,0,0,0,0,0,0,0,0,0,0,0,0,0,0,0,0
7459,1,0,60366,4360272,1.384455,4360272,1.384455,0,60366,4360272,1.384455,4360272,1.384455,441,0,0,0,0,0,0,0,0,0,0,0,0,0,0,0,0,0,0,0,0,0,0,0,0,0,0,0
7470,3,1143342,1494515,2288050,65.31828,2288050,65.31828,0,1489253,2288050,65.0883,2288050,65.0883,511,8,0,0,7,0,0,0,1,0,0,0,0,0,0,0,0,0,0,8,0,0,7,0,0,0,1,0
7484,2,2785274,4437606,8697322,51.02267,8697322,51.02267,0,3807689,8697322,43.780018,8697322,43.780018,1007,87,85,0,0,0,0,0,1,1,0,0,0,0,0,0,0,0,0,87,85,0,0,0,0,0,1,1
7506,2,650216,2536682,5326034,47.62797,5326034,47.62797,0,2504031,5326034,47.014927,5326034,47.014927,597,2,0,0,0,0,0,0,0,2,0,0,0,0,0,0,0,0,0,2,0,0,0,0,0,0,0,2
7587,1,0,0,2816692,0.0,2816692,0.0,0,0,2816692,0.0,2816692,0.0,606,0,0,0,0,0,0,0,0,0,0,0,0,0,0,0,0,0,0,0,0,0,0,0,0,0,0,0
7663,2,1932890,5557749,10225876,54.34985699999999,10225876,54.34985699999999,0,4709569,10225876,46.055409999999995,10225876,46.055409999999995,848,40,1,0,0,0,0,0,0,39,0,0,0,0,0,0,0,0,0,1,1,0,0,0,0,0,0,0
7668,1,0,704,2318102,0.030369673,2318102,0.030369673,0,704,2318102,0.030369673,2318102,0.030369673,455,0,0,0,0,0,0,0,0,0,0,0,0,0,0,0,0,0,0,0,0,0,0,0,0,0,0,0
7713,2,0,169309,7452896,2.271721,7452896,2.271721,0,169309,7452896,2.271721,7452896,2.271721,1271,0,0,0,0,0,0,0,0,0,0,0,0,0,0,0,0,0,0,0,0,0,0,0,0,0,0,0
7722,2,125672,2262778,5390236,41.9792,5390236,41.9792,0,933268,5390236,17.314047,5390236,17.314047,622,133,133,0,0,0,0,0,0,0,0,0,0,0,0,0,0,0,0,133,133,0,0,0,0,0,0,0
7730,2,0,303604,4961312,6.119429599999999,4961312,6.119429599999999,0,303604,4961312,6.119429599999999,4961312,6.119429599999999,502,0,0,0,0,0,0,0,0,0,0,0,0,0,0,0,0,0,0,0,0,0,0,0,0,0,0,0
7781,1,56006,67988,4755046,1.4298073999999998,4755046,1.4298073999999998,0,67988,4755046,1.4298073999999998,4755046,1.4298073999999998,1116,0,0,0,0,0,0,0,0,0,0,0,0,0,0,0,0,0,0,0,0,0,0,0,0,0,0,0
7784,2,483564,3791272,15385258,24.642239,15385258,24.642239,0,4644342,15385258,30.186962,15385258,30.186962,2108,326,322,1,0,0,2,0,0,1,0,0,0,0,0,0,0,0,0,326,322,1,0,0,2,0,0,1
7786,1,0,233,4824712,0.004829304,4824712,0.004829304,0,233,4824712,0.004829304,4824712,0.004829304,342,0,0,0,0,0,0,0,0,0,0,0,0,0,0,0,0,0,0,0,0,0,0,0,0,0,0,0
7829,2,0,270170,3690932,7.3198314,3690932,7.3198314,0,270170,3690932,7.3198314,3690932,7.3198314,844,4,4,0,0,0,0,0,0,0,0,0,0,0,0,0,0,0,0,4,4,0,0,0,0,0,0,0
7853,2,281396,2391888,4212744,56.777435,4212744,56.777435,0,1656605,4212744,39.323654,4212744,39.323654,716,85,85,0,0,0,0,0,0,0,0,0,0,0,0,0,0,0,0,85,85,0,0,0,0,0,0,0
7854,2,256808,2352432,4302900,54.67085,4302900,54.67085,0,1501516,4302900,34.895443,4302900,34.895443,708,85,81,0,0,0,2,2,0,0,4,0,0,0,0,2,2,0,0,81,81,0,0,0,0,0,0,0
7887,2,27320,1617964,7626378,21.215366,7626378,21.215366,0,1130510,7626378,14.823682000000002,7626378,14.823682000000002,1569,123,123,0,0,0,0,0,0,0,0,0,0,0,0,0,0,0,0,123,123,0,0,0,0,0,0,0
7896,1,0,39442,9033358,0.43662609999999996,9033358,0.43662609999999996,0,39442,9033358,0.43662609999999996,9033358,0.43662609999999996,1092,0,0,0,0,0,0,0,0,0,0,0,0,0,0,0,0,0,0,0,0,0,0,0,0,0,0,0
7903,2,0,215556,3371288,6.3938766,3371288,6.3938766,0,215556,3371288,6.3938766,3371288,6.3938766,2595,0,0,0,0,0,0,0,0,0,0,0,0,0,0,0,0,0,0,0,0,0,0,0,0,0,0,0
7938,2,295056,925312,2305808,40.12962,2305808,40.12962,0,925312,2305808,40.12962,2305808,40.12962,352,0,0,0,0,0,0,0,0,0,0,0,0,0,0,0,0,0,0,0,0,0,0,0,0,0,0,0
7939,2,326474,3628052,6636028,54.67204,6636028,54.67204,0,3579879,6636028,53.94611,6636028,53.94611,1535,2,2,0,0,0,0,0,0,0,0,0,0,0,0,0,0,0,0,2,2,0,0,0,0,0,0,0
7982,4,1154270,4970934,9228696,53.863884,9228696,53.863884,0,2708031,9228696,29.343594,9228696,29.343594,1261,91,64,0,0,0,0,0,10,17,0,0,0,0,0,0,0,0,0,78,64,0,0,0,0,0,10,4
8072,1,0,0,1600952,0.0,1600952,0.0,0,0,1600952,0.0,1600952,0.0,1077,0,0,0,0,0,0,0,0,0,0,0,0,0,0,0,0,0,0,0,0,0,0,0,0,0,0,0
8082,1,0,58148,11079626,0.52481914,11079626,0.52481914,0,58148,11079626,0.52481914,11079626,0.52481914,1141,0,0,0,0,0,0,0,0,0,0,0,0,0,0,0,0,0,0,0,0,0,0,0,0,0,0,0
8092,1,20490,324770,3782454,8.586225,3782454,8.586225,0,141383,3782454,3.7378642999999996,3782454,3.7378642999999996,994,46,46,0,0,0,0,0,0,0,0,0,0,0,0,0,0,0,0,46,46,0,0,0,0,0,0,0
8103,1,32784,82271,3039350,2.7068617,3039350,2.7068617,0,82271,3039350,2.7068617,3039350,2.7068617,172,0,0,0,0,0,0,0,0,0,0,0,0,0,0,0,0,0,0,0,0,0,0,0,0,0,0,0
8115,2,0,258403,5942100,4.3486814,5942100,4.3486814,0,258403,5942100,4.3486814,5942100,4.3486814,1893,1,0,0,0,0,0,0,1,0,0,0,0,0,0,0,0,0,0,1,0,0,0,0,0,0,1,0
8179,4,0,84202,2223848,3.78632,2223848,3.78632,0,84202,2223848,3.78632,2223848,3.78632,804,0,0,0,0,0,0,0,0,0,0,0,0,0,0,0,0,0,0,0,0,0,0,0,0,0,0,0
8184,1,0,468037,4070680,11.497760000000001,4070680,11.497760000000001,0,468215,4070680,11.502132000000001,4070680,11.502132000000001,1600,0,0,0,0,0,0,0,0,0,0,0,0,0,0,0,0,0,0,0,0,0,0,0,0,0,0,0
8192,2,0,38613,905658,4.26353,905658,4.26353,0,38613,905658,4.26353,905658,4.26353,535,0,0,0,0,0,0,0,0,0,0,0,0,0,0,0,0,0,0,0,0,0,0,0,0,0,0,0
8193,2,0,44394,905658,4.90185,905658,4.90185,0,44394,905658,4.90185,905658,4.90185,743,0,0,0,0,0,0,0,0,0,0,0,0,0,0,0,0,0,0,0,0,0,0,0,0,0,0,0
8200,4,0,73793,2289416,3.2232237,2289416,3.2232237,0,73793,2289416,3.2232237,2289416,3.2232237,984,0,0,0,0,0,0,0,0,0,0,0,0,0,0,0,0,0,0,0,0,0,0,0,0,0,0,0
8202,1,0,78293,4532388,1.7274116000000002,4532388,1.7274116000000002,0,78293,4532388,1.7274116000000002,4532388,1.7274116000000002,1215,0,0,0,0,0,0,0,0,0,0,0,0,0,0,0,0,0,0,0,0,0,0,0,0,0,0,0
8226,2,0,5332884,22380544,23.828213,22380544,23.828213,0,4007811,22380544,17.907566,22380544,17.907566,1506,70,35,1,3,0,30,0,0,1,14,11,0,3,0,0,0,0,0,56,24,1,0,0,30,0,0,1
8238,1,9562,313713,3144532,9.976460000000001,3144532,9.976460000000001,0,61738,3144532,1.9633445999999999,3144532,1.9633445999999999,451,47,47,0,0,0,0,0,0,0,1,1,0,0,0,0,0,0,0,46,46,0,0,0,0,0,0,0
8252,1,0,0,1159734,0.0,1159734,0.0,0,0,1159734,0.0,1159734,0.0,557,0,0,0,0,0,0,0,0,0,0,0,0,0,0,0,0,0,0,0,0,0,0,0,0,0,0,0
8253,1,0,0,1034062,0.0,1034062,0.0,0,0,1034062,0.0,1034062,0.0,550,0,0,0,0,0,0,0,0,0,0,0,0,0,0,0,0,0,0,0,0,0,0,0,0,0,0,0
8265,1,0,3444,7287610,0.04725829,7287610,0.04725829,0,3444,7287610,0.04725829,7287610,0.04725829,1081,0,0,0,0,0,0,0,0,0,0,0,0,0,0,0,0,0,0,0,0,0,0,0,0,0,0,0
8390,1,0,206568,8832556,2.3387115,8832556,2.3387115,0,160252,8832556,1.8143331999999999,8832556,1.8143331999999999,2751,1,1,0,0,0,0,0,0,0,0,0,0,0,0,0,0,0,0,1,1,0,0,0,0,0,0,0
8391,1,0,150851,5704416,2.64446,5704416,2.64446,0,150851,5704416,2.64446,5704416,2.64446,967,0,0,0,0,0,0,0,0,0,0,0,0,0,0,0,0,0,0,0,0,0,0,0,0,0,0,0
8392,2,0,823552,7708338,10.683911,7708338,10.683911,0,823552,7708338,10.683911,7708338,10.683911,545,1,0,0,0,0,0,0,1,0,0,0,0,0,0,0,0,0,0,1,0,0,0,0,0,0,1,0
8394,1,0,680,2257998,0.030115172000000003,2257998,0.030115172000000003,0,680,2257998,0.030115172000000003,2257998,0.030115172000000003,240,0,0,0,0,0,0,0,0,0,0,0,0,0,0,0,0,0,0,0,0,0,0,0,0,0,0,0
8399,2,172116,442177,1738918,25.428283999999998,1738918,25.428283999999998,0,442177,1738918,25.428283999999998,1738918,25.428283999999998,814,0,0,0,0,0,0,0,0,0,0,0,0,0,0,0,0,0,0,0,0,0,0,0,0,0,0,0
8400,1,0,3442,3839826,0.08963948,3839826,0.08963948,0,3442,3839826,0.08963948,3839826,0.08963948,473,0,0,0,0,0,0,0,0,0,0,0,0,0,0,0,0,0,0,0,0,0,0,0,0,0,0,0
8406,2,0,55617,2268926,2.451248,2268926,2.451248,0,55617,2268926,2.451248,2268926,2.451248,152,0,0,0,0,0,0,0,0,0,0,0,0,0,0,0,0,0,0,0,0,0,0,0,0,0,0,0
8410,5,874240,2319586,5257734,44.117596,5257734,44.117596,0,2302259,5257734,43.788047999999996,5257734,43.788047999999996,2511,18,3,0,0,0,14,0,1,0,3,3,0,0,0,0,0,0,0,15,0,0,0,0,14,0,1,0
8411,5,1378294,4567881,15254122,29.945223,15254122,29.945223,0,4563518,15254122,29.916621999999997,15254122,29.916621999999997,3665,6,2,0,0,0,0,0,1,3,0,0,0,0,0,0,0,0,0,6,2,0,0,0,0,0,1,3
8417,1,0,10,2968318,0.00033689113,2968318,0.00033689113,0,10,2968318,0.00033689113,2968318,0.00033689113,426,0,0,0,0,0,0,0,0,0,0,0,0,0,0,0,0,0,0,0,0,0,0,0,0,0,0,0
8422,1,0,6140,3033886,0.2023807,3033886,0.2023807,0,6140,3033886,0.2023807,3033886,0.2023807,1378,0,0,0,0,0,0,0,0,0,0,0,0,0,0,0,0,0,0,0,0,0,0,0,0,0,0,0
8423,1,0,3694,1695206,0.21790862,1695206,0.21790862,0,3694,1695206,0.21790862,1695206,0.21790862,1160,0,0,0,0,0,0,0,0,0,0,0,0,0,0,0,0,0,0,0,0,0,0,0,0,0,0,0
8438,5,434388,1597466,8245176,19.374551999999998,8245176,19.374551999999998,0,1300834,8245176,15.77691,8245176,15.77691,713,25,1,0,0,0,24,0,0,0,25,1,0,0,0,24,0,0,0,0,0,0,0,0,0,0,0,0
8445,2,0,367605,3409536,10.7816725,3409536,10.7816725,0,367525,3409536,10.779326,3409536,10.779326,1331,2,0,0,0,0,0,0,2,0,1,0,0,0,0,0,0,1,0,1,0,0,0,0,0,0,1,0
8447,2,0,321661,3300256,9.746547,3300256,9.746547,0,321576,3300256,9.743972,3300256,9.743972,1328,2,0,0,0,0,0,0,2,0,1,0,0,0,0,0,0,1,0,1,0,0,0,0,0,0,1,0
8448,1,0,0,911122,0.0,911122,0.0,0,0,911122,0.0,911122,0.0,629,0,0,0,0,0,0,0,0,0,0,0,0,0,0,0,0,0,0,0,0,0,0,0,0,0,0,0
8449,2,0,345266,3327576,10.375900999999999,3327576,10.375900999999999,0,345204,3327576,10.374038,3327576,10.374038,1297,1,0,0,0,0,0,0,1,0,1,0,0,0,0,0,0,1,0,0,0,0,0,0,0,0,0,0
8462,1,0,9347,10519566,0.08885348,10519566,0.08885348,0,9347,10519566,0.08885348,10519566,0.08885348,3087,0,0,0,0,0,0,0,0,0,0,0,0,0,0,0,0,0,0,0,0,0,0,0,0,0,0,0
8485,1,0,18850,7970610,0.23649383,7970610,0.23649383,0,18850,7970610,0.23649383,7970610,0.23649383,4534,0,0,0,0,0,0,0,0,0,0,0,0,0,0,0,0,0,0,0,0,0,0,0,0,0,0,0
8560,2,0,433318,2410990,17.972616,2410990,17.972616,0,433318,2410990,17.972616,2410990,17.972616,188,0,0,0,0,0,0,0,0,0,0,0,0,0,0,0,0,0,0,0,0,0,0,0,0,0,0,0
8577,1,0,0,1169296,0.0,1169296,0.0,0,0,1169296,0.0,1169296,0.0,211,0,0,0,0,0,0,0,0,0,0,0,0,0,0,0,0,0,0,0,0,0,0,0,0,0,0,0
8598,1,0,6044,3238786,0.18661313,3238786,0.18661313,0,6044,3238786,0.18661313,3238786,0.18661313,851,0,0,0,0,0,0,0,0,0,0,0,0,0,0,0,0,0,0,0,0,0,0,0,0,0,0,0
8637,1,0,53212,3298890,1.6130275,3298890,1.6130275,0,53212,3298890,1.6130275,3298890,1.6130275,867,0,0,0,0,0,0,0,0,0,0,0,0,0,0,0,0,0,0,0,0,0,0,0,0,0,0,0
8638,1,0,53396,4668988,1.1436311000000001,4668988,1.1436311000000001,0,53396,4668988,1.1436311000000001,4668988,1.1436311000000001,1065,0,0,0,0,0,0,0,0,0,0,0,0,0,0,0,0,0,0,0,0,0,0,0,0,0,0,0
8639,1,0,51192,1542214,3.3193836,1542214,3.3193836,0,51192,1542214,3.3193836,1542214,3.3193836,401,0,0,0,0,0,0,0,0,0,0,0,0,0,0,0,0,0,0,0,0,0,0,0,0,0,0,0
8640,1,0,0,1170662,0.0,1170662,0.0,0,0,1170662,0.0,1170662,0.0,154,0,0,0,0,0,0,0,0,0,0,0,0,0,0,0,0,0,0,0,0,0,0,0,0,0,0,0
8641,1,0,87541,2064026,4.241274,2064026,4.241274,0,87541,2064026,4.241274,2064026,4.241274,577,0,0,0,0,0,0,0,0,0,0,0,0,0,0,0,0,0,0,0,0,0,0,0,0,0,0,0
8703,1,0,139,2077686,0.006690135,2077686,0.006690135,0,139,2077686,0.006690135,2077686,0.006690135,630,0,0,0,0,0,0,0,0,0,0,0,0,0,0,0,0,0,0,0,0,0,0,0,0,0,0,0
8743,3,733542,1564048,3160924,49.48072,3160924,49.48072,0,1487948,3160924,47.073196,3160924,47.073196,663,8,8,0,0,0,0,0,0,0,0,0,0,0,0,0,0,0,0,8,8,0,0,0,0,0,0,0
8759,2,51908,115185,1411078,8.162908,1411078,8.162908,0,122748,1411078,8.698881,1411078,8.698881,139,1,0,0,0,0,0,0,1,0,0,0,0,0,0,0,0,0,0,1,0,0,0,0,0,0,1,0
8763,2,0,65644,1054552,6.2248235,1054552,6.2248235,0,65644,1054552,6.2248235,1054552,6.2248235,101,0,0,0,0,0,0,0,0,0,0,0,0,0,0,0,0,0,0,0,0,0,0,0,0,0,0,0
8772,4,773156,4794022,6407906,74.81418000000001,7181062,66.75923,0,2561851,6407906,39.979534,6407906,39.979534,916,10,0,0,0,0,10,0,0,0,0,0,0,0,0,0,0,0,0,10,0,0,0,0,10,0,0,0
8774,1,0,436,2666432,0.016351439,2666432,0.016351439,0,436,2666432,0.016351439,2666432,0.016351439,724,0,0,0,0,0,0,0,0,0,0,0,0,0,0,0,0,0,0,0,0,0,0,0,0,0,0,0
8919,2,0,84086,2370010,3.5479176,2370010,3.5479176,0,84086,2370010,3.5479176,2370010,3.5479176,323,0,0,0,0,0,0,0,0,0,0,0,0,0,0,0,0,0,0,0,0,0,0,0,0,0,0,0
8935,5,0,171718,3938178,4.360341,3938178,4.360341,0,83514,3938178,2.1206252999999995,3938178,2.1206252999999995,1095,19,19,0,0,0,0,0,0,0,0,0,0,0,0,0,0,0,0,19,19,0,0,0,0,0,0,0
8938,2,0,132722,2126862,6.240273,2126862,6.240273,0,132722,2126862,6.240273,2126862,6.240273,141,0,0,0,0,0,0,0,0,0,0,0,0,0,0,0,0,0,0,0,0,0,0,0,0,0,0,0
8993,4,189874,1677530,1826342,91.851906,1826342,91.851906,0,1677530,1826342,91.851906,1826342,91.851906,1558,0,0,0,0,0,0,0,0,0,0,0,0,0,0,0,0,0,0,0,0,0,0,0,0,0,0,0
8995,2,1090068,2399544,4438134,54.06650500000001,4438134,54.06650500000001,0,2375960,4438134,53.535109999999996,4438134,53.535109999999996,631,6,3,0,0,0,1,0,0,2,0,0,0,0,0,0,0,0,0,6,3,0,0,0,1,0,0,2
9004,1,0,4752,2454702,0.19358766,2454702,0.19358766,0,4752,2454702,0.19358766,2454702,0.19358766,965,0,0,0,0,0,0,0,0,0,0,0,0,0,0,0,0,0,0,0,0,0,0,0,0,0,0,0
9018,3,340134,833707,2561250,32.55079,2561250,32.55079,0,833707,2561250,32.55079,2561250,32.55079,443,0,0,0,0,0,0,0,0,0,0,0,0,0,0,0,0,0,0,0,0,0,0,0,0,0,0,0
9045,1,0,76408,2600864,2.937793,2600864,2.937793,0,76408,2600864,2.937793,2600864,2.937793,439,0,0,0,0,0,0,0,0,0,0,0,0,0,0,0,0,0,0,0,0,0,0,0,0,0,0,0
9046,2,0,60440,1409712,4.2874007,1409712,4.2874007,0,60440,1409712,4.2874007,1409712,4.2874007,339,0,0,0,0,0,0,0,0,0,0,0,0,0,0,0,0,0,0,0,0,0,0,0,0,0,0,0
9057,2,0,2162227,2506610,86.26101,2506610,86.26101,0,2162227,2506610,86.26101,2506610,86.26101,857,0,0,0,0,0,0,0,0,0,0,0,0,0,0,0,0,0,0,0,0,0,0,0,0,0,0,0
9062,2,0,402223,2764784,14.548079999999999,2764784,14.548079999999999,0,312577,2764784,11.305657,2764784,11.305657,461,68,0,0,68,0,0,0,0,0,67,0,0,67,0,0,0,0,0,1,0,0,1,0,0,0,0,0
9150,1,0,18277,2083150,0.8773732,2083150,0.8773732,0,16142,2083150,0.77488416,2083150,0.77488416,467,0,0,0,0,0,0,0,0,0,0,0,0,0,0,0,0,0,0,0,0,0,0,0,0,0,0,0
9156,2,6830,311735,2512074,12.409467999999999,2512074,12.409467999999999,0,290788,2512074,11.575614,2512074,11.575614,538,9,5,0,0,0,0,0,4,0,5,5,0,0,0,0,0,0,0,4,0,0,0,0,0,0,4,0
9160,2,0,286339,4499604,6.363649,4499604,6.363649,0,286339,4499604,6.363649,4499604,6.363649,809,1,1,0,0,0,0,0,0,0,0,0,0,0,0,0,0,0,0,1,1,0,0,0,0,0,0,0
9202,2,129770,1603422,2965586,54.06763,2965586,54.06763,0,1346522,2965586,45.404920000000004,2965586,45.404920000000004,783,63,63,0,0,0,0,0,0,0,50,50,0,0,0,0,0,0,0,13,13,0,0,0,0,0,0,0
9203,2,2568080,5117144,6795850,75.29807,6795850,75.29807,0,4814096,6795850,70.83876,6795850,70.83876,499,10,4,0,0,0,0,0,2,4,0,0,0,0,0,0,0,0,0,10,4,0,0,0,0,0,2,4
9207,1,0,51428,7271218,0.70728177,7271218,0.70728177,0,51428,7271218,0.70728177,7271218,0.70728177,633,0,0,0,0,0,0,0,0,0,0,0,0,0,0,0,0,0,0,0,0,0,0,0,0,0,0,0
9209,2,77862,441262,2563982,17.210028,2563982,17.210028,0,156087,2563982,6.0876794,2563982,6.0876794,276,13,13,0,0,0,0,0,0,0,0,0,0,0,0,0,0,0,0,13,13,0,0,0,0,0,0,0
9234,1,0,0,1144708,0.0,1144708,0.0,0,0,1144708,0.0,1144708,0.0,2418,0,0,0,0,0,0,0,0,0,0,0,0,0,0,0,0,0,0,0,0,0,0,0,0,0,0,0
9246,2,13660,787408,3196440,24.633905,3210100,24.52908,0,772850,3196440,24.178461,3196440,24.178461,574,13,0,0,0,0,12,0,1,0,0,0,0,0,0,0,0,0,0,13,0,0,0,0,12,0,1,0
9261,2,1420640,2177908,4141712,52.58473000000001,4141712,52.58473000000001,0,2177908,4141712,52.58473000000001,4141712,52.58473000000001,536,0,0,0,0,0,0,0,0,0,0,0,0,0,0,0,0,0,0,0,0,0,0,0,0,0,0,0
9266,5,390676,1412585,3200538,44.13586,3200538,44.13586,0,1406228,3200538,43.937236999999996,3200538,43.937236999999996,1031,7,6,0,0,0,1,0,0,0,0,0,0,0,0,0,0,0,0,7,6,0,0,0,1,0,0,0
9267,1,0,237998,2708778,8.786176,2708778,8.786176,0,237998,2708778,8.786176,2708778,8.786176,635,0,0,0,0,0,0,0,0,0,0,0,0,0,0,0,0,0,0,0,0,0,0,0,0,0,0,0
9290,1,40980,163052,3442320,4.736689,3442320,4.736689,0,164441,3442320,4.77704,3442320,4.77704,70,1,0,0,1,0,0,0,0,0,0,0,0,0,0,0,0,0,0,1,0,0,1,0,0,0,0,0
9315,1,0,43,3184146,0.0013504406,3184146,0.0013504406,0,43,3184146,0.0013504406,3184146,0.0013504406,1830,0,0,0,0,0,0,0,0,0,0,0,0,0,0,0,0,0,0,0,0,0,0,0,0,0,0,0
9318,2,0,44162,1569534,2.8137014,1569534,2.8137014,0,44162,1569534,2.8137014,1569534,2.8137014,318,0,0,0,0,0,0,0,0,0,0,0,0,0,0,0,0,0,0,0,0,0,0,0,0,0,0,0
9370,2,241782,849663,5514542,15.407681,5756324,14.760514,0,582442,5514542,10.561929,5514542,10.561929,773,2,1,0,0,0,1,0,0,0,0,0,0,0,0,0,0,0,0,2,1,0,0,0,1,0,0,0
9371,2,113378,756259,4891646,15.460216500000001,4891646,15.460216500000001,0,226443,4891646,4.629178,4891646,4.629178,673,52,52,0,0,0,0,0,0,0,0,0,0,0,0,0,0,0,0,52,52,0,0,0,0,0,0,0
9385,2,0,308814,3787918,8.152605,3787918,8.152605,0,308261,3787918,8.138005999999999,3787918,8.138005999999999,703,1,1,0,0,0,0,0,0,0,0,0,0,0,0,0,0,0,0,1,1,0,0,0,0,0,0,0
9418,2,0,13278,2412356,0.5504163000000001,2412356,0.5504163000000001,0,13278,2412356,0.5504163000000001,2412356,0.5504163000000001,689,0,0,0,0,0,0,0,0,0,0,0,0,0,0,0,0,0,0,0,0,0,0,0,0,0,0,0
9458,1,0,99254,3822068,2.5968664,3822068,2.5968664,0,99254,3822068,2.5968664,3822068,2.5968664,413,1,0,0,1,0,0,0,0,0,0,0,0,0,0,0,0,0,0,1,0,0,1,0,0,0,0,0
9480,2,0,365228,1752578,20.839472,1752578,20.839472,0,365228,1752578,20.839472,1752578,20.839472,274,0,0,0,0,0,0,0,0,0,0,0,0,0,0,0,0,0,0,0,0,0,0,0,0,0,0,0
9503,1,0,72543,4122588,1.7596471000000002,4122588,1.7596471000000002,0,71843,4122588,1.7426674,4122588,1.7426674,3338,3,0,0,1,0,0,0,2,0,3,0,0,1,0,0,0,2,0,0,0,0,0,0,0,0,0,0
9512,2,122940,704548,1648762,42.73194,1648762,42.73194,0,703737,1648762,42.68275,1648762,42.68275,717,0,0,0,0,0,0,0,0,0,0,0,0,0,0,0,0,0,0,0,0,0,0,0,0,0,0,0
9513,2,0,321296,3091258,10.393697999999999,3091258,10.393697999999999,0,321296,3091258,10.393697999999999,3091258,10.393697999999999,170,0,0,0,0,0,0,0,0,0,0,0,0,0,0,0,0,0,0,0,0,0,0,0,0,0,0,0
9519,2,135234,609339,1880982,32.394729999999996,1880982,32.394729999999996,0,503043,1880982,26.743637,1880982,26.743637,446,38,0,0,0,0,38,0,0,0,15,0,0,0,0,15,0,0,0,23,0,0,0,0,23,0,0,0
9520,2,467172,1053410,2828986,37.236309999999996,2828986,37.236309999999996,0,1053410,2828986,37.236309999999996,2828986,37.236309999999996,340,2,0,0,0,0,0,0,2,0,0,0,0,0,0,0,0,0,0,2,0,0,0,0,0,0,2,0
9595,1,0,25759,8191902,0.3144447,8191902,0.3144447,0,25759,8191902,0.3144447,8191902,0.3144447,1037,0,0,0,0,0,0,0,0,0,0,0,0,0,0,0,0,0,0,0,0,0,0,0,0,0,0,0
9615,5,18165068,19715922,22157886,88.979256,22157886,88.979256,0,19715922,22157886,88.979256,22157886,88.979256,627,1,1,0,0,0,0,0,0,0,0,0,0,0,0,0,0,0,0,1,1,0,0,0,0,0,0,0
9629,2,0,25466,1574998,1.6168909,1574998,1.6168909,0,25466,1574998,1.6168909,1574998,1.6168909,271,0,0,0,0,0,0,0,0,0,0,0,0,0,0,0,0,0,0,0,0,0,0,0,0,0,0,0
9649,2,0,575237,4397154,13.08203,4397154,13.08203,0,575237,4397154,13.08203,4397154,13.08203,764,1,1,0,0,0,0,0,0,0,0,0,0,0,0,0,0,0,0,1,1,0,0,0,0,0,0,0
9652,2,494492,3032841,7973342,38.037262,8467834,35.816016999999995,0,2488608,7973342,31.211605,7973342,31.211605,1431,14,9,0,0,0,3,0,1,1,1,0,0,0,0,0,0,1,0,13,9,0,0,0,3,0,0,1
9661,2,0,9057923,22380544,40.47231,22380544,40.47231,0,7456619,22380544,33.317417,22380544,33.317417,3319,98,91,0,0,0,1,0,6,0,0,0,0,0,0,0,0,0,0,98,91,0,0,0,1,0,6,0
9743,2,0,73184,2032608,3.6004975,2032608,3.6004975,0,73184,2032608,3.6004975,2032608,3.6004975,476,0,0,0,0,0,0,0,0,0,0,0,0,0,0,0,0,0,0,0,0,0,0,0,0,0,0,0
9754,1,0,0,4227770,0.0,4227770,0.0,0,0,4227770,0.0,4227770,0.0,762,0,0,0,0,0,0,0,0,0,0,0,0,0,0,0,0,0,0,0,0,0,0,0,0,0,0,0
9781,1,0,99826,2529832,3.9459536,2529832,3.9459536,0,100158,2529832,3.9590771,2529832,3.9590771,1113,0,0,0,0,0,0,0,0,0,0,0,0,0,0,0,0,0,0,0,0,0,0,0,0,0,0,0
9783,3,98352,1690293,5137526,32.900913,5137526,32.900913,0,1598655,5137526,31.117216,5137526,31.117216,566,16,9,0,0,0,0,0,7,0,0,0,0,0,0,0,0,0,0,16,9,0,0,0,0,0,7,0
9832,2,281396,2748399,6424298,42.781315,6424298,42.781315,0,1356120,6424298,21.109232000000002,6424298,21.109232000000002,994,93,93,0,0,0,0,0,0,0,0,0,0,0,0,0,0,0,0,93,93,0,0,0,0,0,0,0
9844,2,143430,298751,1671984,17.868053,1815414,16.456356,0,155283,1671984,9.28735,1671984,9.28735,378,6,0,0,0,0,6,0,0,0,0,0,0,0,0,0,0,0,0,6,0,0,0,0,6,0,0,0
9914,2,0,163381,4664890,3.5023549,4664890,3.5023549,0,163381,4664890,3.5023549,4664890,3.5023549,543,0,0,0,0,0,0,0,0,0,0,0,0,0,0,0,0,0,0,0,0,0,0,0,0,0,0,0
9923,2,1551776,3258632,6534944,49.864727,6534944,49.864727,0,3200686,6534944,48.97802,6534944,48.97802,1137,12,8,0,0,0,1,0,0,3,2,2,0,0,0,0,0,0,0,7,6,0,0,0,1,0,0,0
9925,1,0,17766,3671808,0.48384884,3671808,0.48384884,0,17766,3671808,0.48384884,3671808,0.48384884,1305,0,0,0,0,0,0,0,0,0,0,0,0,0,0,0,0,0,0,0,0,0,0,0,0,0,0,0
9948,5,0,788447,905658,87.05792,905658,87.05792,0,788447,905658,87.05792,905658,87.05792,22,0,0,0,0,0,0,0,0,0,0,0,0,0,0,0,0,0,0,0,0,0,0,0,0,0,0,0
9949,5,0,787915,905658,86.99918000000001,905658,86.99918000000001,0,787915,905658,86.99918000000001,905658,86.99918000000001,22,0,0,0,0,0,0,0,0,0,0,0,0,0,0,0,0,0,0,0,0,0,0,0,0,0,0,0
9956,1,140698,2909866,5205826,55.896336,5205826,55.896336,0,1374099,5205826,26.395409,5205826,26.395409,648,107,107,0,0,0,0,0,0,0,0,0,0,0,0,0,0,0,0,107,107,0,0,0,0,0,0,0
9959,1,0,2438,1946550,0.12524723,1946550,0.12524723,0,2438,1946550,0.12524723,1946550,0.12524723,400,0,0,0,0,0,0,0,0,0,0,0,0,0,0,0,0,0,0,0,0,0,0,0,0,0,0,0
9979,2,1229400,2821131,6220764,45.350229999999996,6220764,45.350229999999996,0,2254168,6220764,36.23619,6220764,36.23619,831,100,88,0,0,0,0,12,0,0,0,0,0,0,0,0,0,0,0,88,88,0,0,0,0,0,0,0
9982,1,21856,41041,1768970,2.3200507000000004,1768970,2.3200507000000004,0,41041,1768970,2.3200507000000004,1768970,2.3200507000000004,161,0,0,0,0,0,0,0,0,0,0,0,0,0,0,0,0,0,0,0,0,0,0,0,0,0,0,0
9988,1,0,0,2229312,0.0,2229312,0.0,0,0,2229312,0.0,2229312,0.0,349,0,0,0,0,0,0,0,0,0,0,0,0,0,0,0,0,0,0,0,0,0,0,0,0,0,0,0
